Player & Team,Player,Team,Pos,TOI,PDO,ZSR,G/60,d ixGF,iCF/60,iSh%,A1/60,sA1,GA/60,d xGA,CA/60,PP Sample Size,Poss Entry Rate,Poss Entry %,Poss Exits Rate,Poss Exit %,Entries Denied Rate,Denial %,Avg
BRAD.MARCHAND.BOS,BRAD MARCHAND (BOS),BOS,F,8,10,7,9,9,6,8,10,8,10,9,9,5,7,8,7,8,,,8
ARTEMI.PANARIN.CBJ,ARTEMI PANARIN (CBJ),CBJ,F,8,6,8,4,5,7,4,7,10,8,8,8,9,6,8,6,9,,,7.5
CONNOR.MCDAVID.EDM,CONNOR MCDAVID (EDM),EDM,F,9,6,6,6,4,7,5,8,10,5,6,5,6,10,10,3,10,,,7.5
JADEN.SCHWARTZ.STL,JADEN SCHWARTZ (STL),STL,F,8,10,8,8,7,4,8,10,9,10,9,7,5,7,8,6,7,,,7.5
NIKITA.KUCHEROV.TBL,NIKITA KUCHEROV (TBL),TBL,F,8,8,8,10,10,7,9,6,10,6,6,4,8,7,8,5,6,,,7.5
PATRICK.KANE.CHI,PATRICK KANE (CHI),CHI,F,8,5,9,8,8,8,6,8,10,3,5,4,9,10,8,5,9,,,7.5
SHAYNE.GOSTISBEHERE.PHI,SHAYNE GOSTISBEHERE (PHI),PHI,D,6,7,7,7,7,7,6,6,6,8,7,8,10,8,8,7,8,4,9,7.5
AUSTON.MATTHEWS.TOR,AUSTON MATTHEWS (TOR),TOR,F,7,10,5,10,9,8,9,6,8,8,9,3,6,4,9,6,5,,,7
CLAUDE.GIROUX.PHI,CLAUDE GIROUX (PHI),PHI,F,8,7,4,6,6,4,7,7,8,6,5,8,10,6,6,6,7,,,7
DAVID.PASTRNAK.BOS,DAVID PASTRNAK (BOS),BOS,F,7,9,8,8,8,6,7,7,7,8,8,8,5,8,5,6,5,,,7
DMITRY.ORLOV.WSH,DMITRY ORLOV (WSH),WSH,D,7,6,4,9,8,4,9,3,8,6,6,6,6,10,8,6,7,7,9,7
ERIK.KARLSSON.OTT,ERIK KARLSSON (OTT),OTT,D,9,1,7,3,2,8,3,8,10,0,0,6,5,6,9,9,9,8,9,7
EVGENY.KUZNETSOV.WSH,EVGENY KUZNETSOV (WSH),WSH,F,7,7,7,7,7,5,7,8,9,5,7,2,6,8,9,8,8,,,7
IVAN.PROVOROV.PHI,IVAN PROVOROV (PHI),PHI,D,8,5,4,7,6,6,6,6,6,6,6,6,10,7,7,4,7,5,8,7
JAKUB.VORACEK.PHI,JAKUB VORACEK (PHI),PHI,F,8,8,5,5,5,5,5,10,7,7,7,6,10,8,7,6,6,,,7
JOHNNY.GAUDREAU.CGY,JOHNNY GAUDREAU (CGY),CGY,F,8,8,7,6,6,5,6,10,7,6,7,6,6,9,8,5,8,,,7
JONATHAN.TOEWS.CHI,JONATHAN TOEWS (CHI),CHI,F,8,6,7,6,5,6,5,7,9,6,7,6,8,6,8,7,7,,,7
LEON.DRAISAITL.EDM,LEON DRAISAITL (EDM),EDM,F,7,6,7,5,5,4,5,10,10,4,5,6,5,9,7,7,9,,,7
MATHEW.BARZAL.NYI,MATHEW BARZAL (NYI),NYI,F,6,6,6,7,6,5,6,10,10,4,4,5,7,8,9,5,9,,,7
NATHAN.MACKINNON.COL,NATHAN MACKINNON (COL),COL,F,8,7,7,9,8,8,7,10,4,3,3,5,6,5,9,5,8,,,7
ONDREJ.KASE.ANA,ONDREJ KASE (ANA),ANA,F,4,7,6,10,10,8,9,7,5,7,6,7,4,8,8,6,6,,,7
PATRICE.BERGERON.BOS,PATRICE BERGERON (BOS),BOS,F,8,9,8,8,7,10,5,7,7,9,9,9,4,6,6,3,6,,,7
RYAN.SPOONER.BOS,RYAN SPOONER (BOS),BOS,F,4,9,10,8,10,3,9,8,7,8,6,8,3,6,7,4,9,,,7
SETH.JONES.CBJ,SETH JONES (CBJ),CBJ,D,8,5,7,7,5,8,5,8,8,7,7,8,8,6,8,5,7,4,4,7
VLADIMIR.TARASENKO.STL,VLADIMIR TARASENKO (STL),STL,F,8,9,10,8,7,10,6,6,4,8,8,5,6,7,8,5,7,,,7
ZACH.WERENSKI.CBJ,ZACH WERENSKI (CBJ),CBJ,D,7,5,7,9,7,7,7,4,8,7,6,8,8.0,8,8,5,9,5,8,7
ALEX.DEBRINCAT.CHI,ALEX DEBRINCAT (CHI),CHI,F,5,6,7,7,7,8,6,5,5,5,5,7,7,6,6,7,8,,,6.5
ALEX.PIETRANGELO.STL,ALEX PIETRANGELO (STL),STL,D,8,7,5,6,6,6,6,7,8,8,8,4,5,9,5,10,6,5,4,6.5
ANZE.KOPITAR.LAK,ANZE KOPITAR (LAK),LAK,F,9,7,5,6,7,4,8,8,9,7,7,6,6,4,9,4,6,,,6.5
BRANDON.SAAD.CHI,BRANDON SAAD (CHI),CHI,F,7,5,8,6,4,9,5,5,6,5,5,6,7,9,7,4,9,,,6.5
BRAYDEN.POINT.TBL,BRAYDEN POINT (TBL),TBL,F,8,9,5,8,7,6,8,8,6,7,6,5,7,6,8,6,6,,,6.5
DREW.DOUGHTY.LAK,DREW DOUGHTY (LAK),LAK,D,10,5,5,5,5,4,5,5,6,6,6,7,6,8,7,5,10,4,7,6.5
JACK.EICHEL.BUF,JACK EICHEL (BUF),BUF,F,8,4,8,7,8,7,6,7,8,3,4,4,5,7,8,6,6,,,6.5
JONATHAN.MARCHESSAULT.VGK,JONATHAN MARCHESSAULT (VGK),VGK,F,6,7,6,7,4,10,5,10,7,5,5,7,5,8,6,7,3,,,6.5
KEVIN.FIALA.NSH,KEVIN FIALA (NSH),NSH,F,5,6,7,7,5,9,5,5,7,7,7,6,6,7,8,6,8,,,6.5
NICK.SCHMALTZ.CHI,NICK SCHMALTZ (CHI),CHI,F,7,6,8,7,8,3,9,5,8,5,6,5,6,7,9,6,8,,,6.5
NICKLAS.BACKSTROM.WSH,NICKLAS BACKSTROM (WSH),WSH,F,8,8,5,4,5,4,4,7,8,8,9,6,6,7,6,6,9,,,6.5
NIKOLAJ.EHLERS.WPG,NIKOLAJ EHLERS (WPG),WPG,F,6,4,6,6,6,9,5,5,6,4,4,6,6,10,6,10,7,,,6.5
NOAH.HANIFIN.CAR,NOAH HANIFIN (CAR),CAR,D,4,4,9,7,6,7,6,9,7,4,3,8,3,6,10,4,6,8,4,6.5
P.K..SUBBAN.NSH,P.K. SUBBAN (NSH),NSH,D,8,7,3,9,10,5,8,6,6,8,8,6,7,4,6,7,6,3,9,6.5
ROMAN.JOSI.NSH,ROMAN JOSI (NSH),NSH,D,8,5,5,6,5,8,5,9,6,5,5,5,6,10,7,5,7,5,5,6.5
RYAN.GETZLAF.ANA,RYAN GETZLAF (ANA),ANA,F,9,5,5,5,7,3,7,10,8,3,3,6,4,7,6,9,7,,,6.5
SEAN.COUTURIER.PHI,SEAN COUTURIER (PHI),PHI,F,9,7,3,8,6,5,8,6,4,6,5,8,10,4,6,6,4,,,6.5
SEBASTIAN.AHO.CAR,SEBASTIAN AHO (CAR),CAR,F,7,5,6,7,6,8,6,8,8,3,4,5,4,9,5,5,9,,,6.5
STEVEN.STAMKOS.TBL,STEVEN STAMKOS (TBL),TBL,F,7,8,8,5,5,7,4,9,7,6,6,5,7,5,6,6,7,,,6.5
TAYLOR.HALL.NJD,TAYLOR HALL (NJD),NJD,F,7,6,6,8,5,9,5,8,7,3,4,5,6,10,8,5,7,,,6.5
TRAVIS.KONECNY.PHI,TRAVIS KONECNY (PHI),PHI,F,4,5,5,6,5,7,5,4,6,5,5,5,10,8,7,7,7,,,6.5
VICTOR.HEDMAN.TBL,VICTOR HEDMAN (TBL),TBL,D,9,7,6,8,6,9,6,6,6,6,6,5,7,5,7,6,6,3,5,6.5
WILLIAM.KARLSSON.VGK,WILLIAM KARLSSON (VGK),VGK,F,7,8,6,10,10,4,10,4,5,7,6,7,5,5,6,6,6,,,6.5
ALEX.KERFOOT.COL,ALEXANDER KERFOOT (COL),COL,F,4,8,5,8,10,1,10,7,6,5,5,5,4,5,8,10,5,,,6
ALEX.OVECHKIN.WSH,ALEX OVECHKIN (WSH),WSH,F,8,8,6,10,9,9,7,5,2,5,7,4,6,6,8,5,6,,,6
ANDREAS.BORGMAN.TOR,ANDREAS BORGMAN (TOR),TOR,D,1,7,7,6,7,5,7,5,8,3,4,5,5,8,6,7,5,7,7,6
ANTHONY.DUCLAIR.CHI,ANTHONY DUCLAIR (CHI),CHI,F,5,10,7,5,5,5,5,9,8,9,10,7,2,9,6,3,6,,,6
ANTHONY.MANTHA.DET,ANTHONY MANTHA (DET),DET,F,6,5,6,6,6,7,6,6,6,6,6,7,7,4,5,6,5,,,6
BRAYDEN.SCHENN.STL,BRAYDEN SCHENN (STL),STL,F,8,8,8,6,7,5,6,6,7,7,7,6,5,4,7,4,6,,,6
BRENDAN.GALLAGHER.MTL,BRENDAN GALLAGHER (MTL),MTL,F,5,4,4,8,4,10,5,3,5,5,4,4,7,8,7,7,6,,,6
BROCK.BOESER.VAN,BROCK BOESER (VAN),VAN,F,6,6,8,10,10,8,8,3,6,4,4,4,4,7,5,4,9,,,6
CHARLIE.MCAVOY.BOS,CHARLIE MCAVOY (BOS),BOS,D,7,8,7,5,6,3,8,9,4,8,7,9,5,6,5,3,8,3,8,6
CHRISTIAN.DJOOS.WSH,CHRISTIAN DJOOS (WSH),WSH,D,1,8,9,7,6,3,8,10,10,6,6,6,3,4,7,3,7,5,4,6
COLIN.MILLER.VGK,COLIN MILLER (VGK),VGK,D,4,4,9,5,4,8,4,8,4,4,2,9,5,5,5,7,6,4,7,6
DAMON.SEVERSON.NJD,DAMON SEVERSON (NJD),NJD,D,5,4,7,10,10,4,10,4,7,2,3,5,5,5,6,5,4,5,7,6
DARNELL.NURSE.EDM,DARNELL NURSE (EDM),EDM,D,6,6,5,7,4,8,6,7,6,6,6,7,6,8,6,6,6,3,4,6
DAVID.KREJCI.BOS,DAVID KREJCI (BOS),BOS,F,6,8,10,6,6,3,6,9,8,5,5,7,3,6,6,3,8,,,6
DOUGIE.HAMILTON.CGY,DOUGIE HAMILTON (CGY),CGY,D,6,5,6,7,5,10,5,7,5,6,6,7,6,6,6,6,4,3,5,6
DUNCAN.KEITH.CHI,DUNCAN KEITH (CHI),CHI,D,8,4,8,2,2,7,2,3,10,5,6,5,8,2,7,4,9,8,4,6
DUSTIN.BROWN.LAK,DUSTIN BROWN (LAK),LAK,F,8,7,5,4,4,7,4,7,5,8,8,8,5,6,4,8,5,,,6
DYLAN.LARKIN.DET,DYLAN LARKIN (DET),DET,F,8,4,5,4,3,7,3,8,6,3,4,5,7,8,7,9,5,,,6
ERIK.JOHNSON.COL,ERIK JOHNSON (COL),COL,D,9,6,4,8,8,6,6,6,7,4,3,5,6,8,7,4,6,6,7,6
EVGENI.MALKIN.PIT,EVGENI MALKIN (PIT),PIT,F,7,3,9,7,6,5,6,7,6,2,3,5,7,3,8,7,6,,,6
FILIP.FORSBERG.NSH,FILIP FORSBERG (NSH),NSH,F,7,7,6,6,6,6,6,9,4,7,8,6,6,5,7,5,4,,,6
GABRIEL.LANDESKOG.COL,GABRIEL LANDESKOG (COL),COL,F,8,8,5,7,8,4,7,5,5,6,6,4,6,6,5,9,6,,,6
GUSTAV.NYQUIST.DET,GUSTAV NYQUIST (DET),DET,F,7,6,6,8,7,6,7,4,3,6,6,6,7,8,5,5,6,,,6
JACCOB.SLAVIN.CAR,JACCOB SLAVIN (CAR),CAR,D,7,1,4,4,4,5,4,5,8,3,2,7,4,8,8,6,9,7,6,6
JAKE.DEBRUSK.BOS,JAKE DEBRUSK (BOS),BOS,F,4,7,10,8,8,7,6,5,3,5,5,7,3,3,5,8,7,,,6
JAMIE.BENN.DAL,JAMIE BENN (DAL),DAL,F,8,8,5,9,9,6,8,5,4,6,5,6,5,6,5,5,4,,,6
JARED.SPURGEON.MIN,JARED SPURGEON (MIN),MIN,D,8,3,4,6,6,4,6,6,9,5,3,5,5,5,5,5,7,7,5,6
JASON.ZUCKER.MIN,JASON ZUCKER (MIN),MIN,F,6,6,4,7,6,5,6,5,7,6,3,6,5,8,5,6,8,,,6
JEFF.PETRY.MTL,JEFF PETRY (MTL),MTL,D,7,2,5,5,4,6,5,6,6,3,2,5,7,5,7,7,4,5,9,6
JESSE.PULJUJARVI.EDM,JESSE PULJUJARVI (EDM),EDM,F,4,6,5,8,5,10,5,5,4,6,6,5,3,5,6,6,9,,,6
JOHN.CARLSON.WSH,JOHN CARLSON (WSH),WSH,D,9,6,5,5,3,8,4,5,7,4,6,3,6,6,6,7,7,2,10,6
JOHN.KLINGBERG.DAL,JOHN KLINGBERG (DAL),DAL,D,7,7,5,5,5,6,5,10,8,6,5,6,5,6,6,7,7,4,4,6
JOHN.TAVARES.NYI,JOHN TAVARES (NYI),NYI,F,8,7,6,8,7,6,7,8,7,3,5,3,8,5,8,3,7,,,6
JONATHAN.HUBERDEAU.FLA,JONATHAN HUBERDEAU (FLA),FLA,F,8,5,4,6,6,4,6,7,8,4,4,7,5,4,6,4,8,,,6
JOONAS.DONSKOI.SJS,JOONAS DONSKOI (SJS),SJS,F,4,4,6,7,4,5,6,7,6,6,7,7,4,8,5,7,6,,,6
JORDAN.EBERLE.NYI,JORDAN EBERLE (NYI),NYI,F,5,4,5,8,8,6,7,9,6,2,2,6,7,6,5,7,6,,,6
JORDAN.OESTERLE.CHI,JORDAN OESTERLE (CHI),CHI,D,6,7,7,6,6,8,5,6,6,5,6,6,5,8,8,4,6,5,7,6
JOSH.ANDERSON.CBJ,JOSH ANDERSON (CBJ),CBJ,F,7,5,8,7,5,9,5,4,5,6,7,6,7,8,6,3,6,,,6
JOSH.MANSON.ANA,JOSH MANSON (ANA),ANA,D,5,8,3,5,4,4,5,8,8,8,7,7,6,9,6,4,6,6,6,6
JUSTIN.FAULK.CAR,JUSTIN FAULK (CAR),CAR,D,6,3,7,5,4,7,4,3,8,4,4,6,4,8,6,4,9,5,6,6
LARS.ELLER.WSH,LARS ELLER (WSH),WSH,F,5,6,5,6,5,8,5,7,5,4,6,5,4,7,6,10,8,,,6
MARIAN.GABORIK.LAK,MARIAN GABORIK (LAK),LAK,F,5,9,7,7,6,6,7,6,4,10,9,6,2,4,9,9,3,,,6
MARK.GIORDANO.CGY,MARK GIORDANO (CGY),CGY,D,8,5,6,5,4,8,5,4,7,6,5,7,6,4,3,7,8,9,3,6
MARK.SCHEIFELE.WPG,MARK SCHEIFELE (WPG),WPG,F,9,6,6,4,4,2,5,8,9,4,5,4,6,4,7,6,8,,,6
MARK.STONE.OTT,MARK STONE (OTT),OTT,F,9,6,6,8,8,3,8,6,7,3,4,4,6,4,5,7,5,,,6
MARKUS.NUTIVAARA.CBJ,MARKUS NUTIVAARA (CBJ),CBJ,D,3,6,6,6,5,5,6,9,8,8,9,6,5,6,7,6,6,3,8,6
MATT.DUCHENE.COL,MATT DUCHENE (COL),COL,F,5,6,5,8,10,4,9,10,8,1,0,4,4,7,8,5,7,,,6
MICHAEL.RAFFL.PHI,MICHAEL RAFFL (PHI),PHI,F,4,6,5,6,6,3,7,2,5,8,7,8,10,7,5,4,6,,,6
MICHEAL.FERLAND.CGY,MICHEAL FERLAND (CGY),CGY,F,5,8,6,9,7,6,9,6,4,7,8,5,5,7,3,7,5,,,6
MIKHAIL.SERGACHEV.TBL,MIKHAIL SERGACHEV (TBL),TBL,D,3,8,10,9,7,9,7,8,4,7,6,5,5,6,5,4,6,4,4,6
MORGAN.RIELLY.TOR,MORGAN RIELLY (TOR),TOR,D,6,5,3,7,5,7,5,9,6,4,6,4,6,6,7,10,5,4,5,6
NICK.LEDDY.NYI,NICK LEDDY (NYI),NYI,D,7,3,5,5,6,4,5,8,7,1,2,3,8,9,8,6,9,4,6,6
NICO.HISCHIER.NJD,NICO HISCHIER (NJD),NJD,F,6,6,7,6,5,5,6,8,7,2,3,4,5,6,10,5,8,,,6
PATRIK.LAINE.WPG,PATRIK LAINE (WPG),WPG,F,6,7,7,7,7,8,6,5,4,6,5,4,6,5,3,10,4,,,6
REILLY.SMITH.VGK,REILLY SMITH (VGK),VGK,F,7,7,5,5,5,6,4,8,7,6,6,7,5,4,5,8,5,,,6
RICHARD.PANIK.ARI,RICHARD PANIK (ARI),ARI,F,4,8,4,1,1,7,1,10,7,8,8,10,1,10,6,2,9,,,6
RICHARD.PANIK.CHI,RICHARD PANIK (CHI),CHI,F,6,5,7,4,2,7,3,5,8,5,6,5,5,8,7,7,4,,,6
RYAN.HARTMAN.CHI,RYAN HARTMAN (CHI),CHI,F,4,6,8,5,4,7,5,6,6,6,7,5,7,8,6,7,6,,,6
RYAN.NUGENT-HOPKINS.EDM,RYAN NUGENT-HOPKINS (EDM),EDM,F,7,4,6,5,5,5,5,5,8,4,5,4,6,6,7,8,7,,,6
SEAN.MONAHAN.CGY,SEAN MONAHAN (CGY),CGY,F,7,8,7,8,8,6,8,6,7,6,7,5,6,5,6,4,6,,,6
SIDNEY.CROSBY.PIT,SIDNEY CROSBY (PIT),PIT,F,9,2,7,3,3,5,3,5,10,4,4,5,8,4,8,3,7,,,6
TEUVO.TERAVAINEN.CAR,TEUVO TERAVAINEN (CAR),CAR,F,6,5,7,7,7,5,6,7,6,4,4,9,4,6,5,6,6,,,6
TOREY.KRUG.BOS,TOREY KRUG (BOS),BOS,D,5,7,10,7,6,8,6,5,7,7,6,6,4,3,10,3,4,4,7,6
TYSON.BARRIE.COL,TYSON BARRIE (COL),COL,D,6,7,8,5,5,8,5,10,7,3,3,5,5,5,8,5,6,3,5,6
WILLIAM.NYLANDER.TOR,WILLIAM NYLANDER (TOR),TOR,F,6,10,5,3,3,6,3,9,8,7,9,3,7,7,6,7,6,,,6
ADAM.LOWRY.WPG,ADAM LOWRY (WPG),WPG,F,5,3,3,7,7,4,7,4,6,6,3,10,4,4,6,4,6,,,5.5
ADRIAN.KEMPE.LAK,ADRIAN KEMPE (LAK),LAK,F,4,9,9,9,9,4,9,4,3,7,9,3,5,4,6,4,6,,,5.5
ALEKSANDER.BARKOV.FLA,ALEKSANDER BARKOV (FLA),FLA,F,10,4,3,4,4,4,3,6,7,4,3,6,5,5,7,4,7,,,5.5
ALEX.RADULOV.DAL,ALEX RADULOV (DAL),DAL,F,8,6,6,6,6,4,6,8,4,4,4,6,6,5,5,4,4,,,5.5
ALEX.TUCH.VGK,ALEX TUCH (VGK),VGK,F,5,6,6,5,4,6,4,6,6,8,6,6,5,5,5,5,4,,,5.5
ANDREAS.ATHANASIOU.DET,ANDREAS ATHANASIOU (DET),DET,F,6,5,5,7,6,8,5,6,3,2,3,4,5,6,9,5,6,,,5.5
ANDREW.COGLIANO.ANA,ANDREW COGLIANO (ANA),ANA,F,5,7,5,3,3,7,3,6,5,8,8,4,6,5,7,6,7,,,5.5
BLAKE.WHEELER.WPG,BLAKE WHEELER (WPG),WPG,F,8,6,7,5,6,6,4,7,5,4,5,3,7,6,4,6,5,,,5.5
BO.HORVAT.VAN,BO HORVAT (VAN),VAN,F,7,9,5,6,6,5,7,8,9,6,5,4,2,3,7,4,6,,,5.5
BRAD.HUNT.VGK,BRAD HUNT (VGK),VGK,D,3,3,7,2,1,6,2,6,3,5,3,8,2,7,3,6,7,10,7,5.5
BRADY.SKJEI.NYR,BRADY SKJEI (NYR),NYR,D,5,4,8,4,3,5,4,4,6,4,6,3,10,7,6,5,6,7,4,5.5
BRANDON.MANNING.PHI,BRANDON MANNING (PHI),PHI,D,4,5,5,9,6,7,7,4,3,7,7,7,9,5,3,4,4,3,4,5.5
BRENT.BURNS.SJS,BRENT BURNS (SJS),SJS,D,8,0,9,4,1,10,3,6,6,2,3,5,5,4,6,5,5,3,4,5.5
BROCK.MCGINN.CAR,BROCK MCGINN (CAR),CAR,F,4,5,7,5,2,9,4,3,5,7,6,8,3,5,1,8,5,,,5.5
BRYAN.RUST.PIT,BRYAN RUST (PIT),PIT,F,5,2,5,3,2,5,3,6,5,4,3,8,5,8,6,6,7,,,5.5
CAM.ATKINSON.CBJ,CAM ATKINSON (CBJ),CBJ,F,7,5,5,6,3,9,4,6,3,5,7,4,6,6,6,3,8,,,5.5
CAM.FOWLER.ANA,CAM FOWLER (ANA),ANA,D,8,4,4,7,7,3,9,5,6,6,6,4,5,4,6,6,8,4,4,5.5
CHRIS.KREIDER.NYR,CHRIS KREIDER (NYR),NYR,F,5,6,6,5,4,7,4,6,5,6,7,3,8,4,5,7,4,,,5.5
COLTON.PARAYKO.STL,COLTON PARAYKO (STL),STL,D,7,4,4,3,2,7,3,4,6,6,4,7,5,8,7,7,7,3,3,5.5
CRAIG.SMITH.NSH,CRAIG SMITH (NSH),NSH,F,5,5,6,6,4,9,4,4,2,6,5,7,6,6,5,6,4,,,5.5
DANIEL.SEDIN.VAN,DANIEL SEDIN (VAN),VAN,F,5,3,10,6,5,6,5,4,6,4,4,8,4,6,5,3,5,,,5.5
DANTON.HEINEN.BOS,DANTON HEINEN (BOS),BOS,F,5,7,6,6,7,4,7,6,4,7,5,8,4,4,5,2,7,,,5.5
DAVID.PERRON.VGK,DAVID PERRON (VGK),VGK,F,7,6,6,5,7,2,7,7,10,2,2,4,5,6,5,7,4,,,5.5
DERYK.ENGELLAND.VGK,DERYK ENGELLAND (VGK),VGK,D,5,7,4,6,6,5,5,10,5,6,5,4,5,5,5,5,4,4,6,5.5
ELIAS.LINDHOLM.CAR,ELIAS LINDHOLM (CAR),CAR,F,7,4,7,5,6,4,6,4,6,4,5,4,4,3,10,3,8,,,5.5
ERIC.STAAL.MIN,ERIC STAAL (MIN),MIN,F,7,5,4,8,8,7,6,7,5,2,1,3,5,5,6,7,5,,,5.5
EVANDER.KANE.BUF,EVANDER KANE (BUF),BUF,F,8,4,7,5,3,8,4,6,2,4,4,5,5,6,5,8,6,,,5.5
EVGENY.DADONOV.FLA,EVGENY DADONOV (FLA),FLA,F,7,5,4,6,5,7,5,7,4,4,3,7,4,6,6,3,7,,,5.5
HAMPUS.LINDHOLM.ANA,HAMPUS LINDHOLM (ANA),ANA,D,7,6,4,5,5,4,5,4,5,6,5,8,3,2,8,6,9,4,7,5.5
HENRIK.SEDIN.VAN,HENRIK SEDIN (VAN),VAN,F,5,3,10,2,5,0,4,7,10,4,3,8,4,5,7,2,7,,,5.5
HENRIK.ZETTERBERG.DET,HENRIK ZETTERBERG (DET),DET,F,8,7,6,4,5,5,4,9,4,6,6,5,8,5,5,6,4,,,5.5
JACOB.TROUBA.WPG,JACOB TROUBA (WPG),WPG,D,6,6,4,5,5,8,4,8,6,4,3,4,6,6,7,6,5,6,3,5.5
JAKE.GARDINER.TOR,JAKE GARDINER (TOR),TOR,D,7,8,4,4,4,4,4,7,6,7,7,4,8,4,6,9,5,5,5,5.5
JAKE.GUENTZEL.PIT,JAKE GUENTZEL (PIT),PIT,F,6,2,8,5,4,6,5,4,6,3,5,5,7,6,5,3,7,,,5.5
JAKE.MUZZIN.LAK,JAKE MUZZIN (LAK),LAK,D,7,7,5,4,4,7,4,4,5,8,8,6,5,5,6,7,5,7,6,5.5
JAKOB.SILFVERBERG.ANA,JAKOB SILFVERBERG (ANA),ANA,F,7,6,3,6,6,8,5,3,6,7,8,3,6,9,6,5,6,,,5.5
JAKUB.VRANA.WSH,JAKUB VRANA (WSH),WSH,F,4,5,7,6,5,6,5,4,5,6,6,5,5,5,8,2,7,,,5.5
JAMES.VAN RIEMSDYK.TOR,JAMES VAN RIEMSDYK (TOR),TOR,F,5,5,8,8,5,9,6,4,4,4,3,7,6,6,2,6,4,,,5.5
JASON.SPEZZA.DAL,JASON SPEZZA (DAL),DAL,F,4,5,6,3,3,7,3,6,7,5,4,8,4,6,5,7,4,,,5.5
JEFF.SKINNER.CAR,JEFF SKINNER (CAR),CAR,F,6,1,9,7,4,10,4,5,2,1,1,6,4,8,6,5,6,,,5.5
JOAKIM.RYAN.SJS,JOAKIM RYAN (SJS),SJS,D,3,4,8,2,2,6,2,3,6,8,7,5,3,6,4,2,10,8,5,5.5
JOE.THORNTON.SJS,JOE THORNTON (SJS),SJS,F,7,2,7,3,5,1,5,5,10,3,3,5,5,4,4,6,7,,,5.5
JOEL.ARMIA.WPG,JOEL ARMIA (WPG),WPG,F,3,6,3,7,7,7,6,5,5,5,3,7,4,7,4,8,3,,,5.5
JONATHAN.DROUIN.MTL,JONATHAN DROUIN (MTL),MTL,F,7,3,7,5,5,5,4,5,9,3,5,3,7,5,6,5,5,,,5.5
JORDIE.BENN.MTL,JORDIE BENN (MTL),MTL,D,5,4,4,7,8,5,7,5,5,6,5,4,6,4,2,9,3,5,8,5.5
JUJHAR.KHAIRA.EDM,JUJHAR KHAIRA (EDM),EDM,F,3,2,6,8,7,6,9,4,5,3,1,10,3,6,5,4,6,,,5.5
JUSTIN.WILLIAMS.CAR,JUSTIN WILLIAMS (CAR),CAR,F,6,5,7,4,4,7,4,5,5,5,4,8,4,6,5,8,5,,,5.5
KEITH.YANDLE.FLA,KEITH YANDLE (FLA),FLA,D,8,5,3,5,6,4,6,6,8,4,5,3,5,7,4,5,5,6,8,5.5
KEVIN.HAYES.NYR,KEVIN HAYES (NYR),NYR,F,6,6,3,7,7,5,6,5,5,4,6,3,9,6,7,6,4,,,5.5
KRIS.LETANG.PIT,KRIS LETANG (PIT),PIT,D,8,0,5,3,2,9,3,4,6,1,0,8,7,4,7,6,4,7,5,5.5
KRIS.RUSSELL.EDM,KRIS RUSSELL (EDM),EDM,D,4,3,6,6,6,4,6,7,6,4,4,4,5,3,4,10,4,7,3,5.5
KYLE.CONNOR.WPG,KYLE CONNOR (WPG),WPG,F,6,7,6,8,8,5,7,6,3,5,7,3,6,6,5,5,7,,,5.5
KYLE.TURRIS.NSH,KYLE TURRIS (NSH),NSH,F,6,7,8,4,4,4,4,5,7,6,6,5,4,4,6,4,7,,,5.5
KYLE.TURRIS.OTT,KYLE TURRIS (OTT),OTT,F,8,4,8,3,3,3,4,6,6,4,4,2,4,8,7,10,4,,,5.5
KYLE.TURRIS.TOT,KYLE TURRIS (TOT),TOT,F,6,6,8,4,3,4,4,5,7,6,6,4,7,6,7,7,5,,,5.5
MARC-EDOUARD.VLASIC.SJS,MARC-EDOUARD VLASIC (SJS),SJS,D,7,5,2,10,8,6,9,3,3,5,6,4,5,6,3,4,6,6,7,5.5
MARK.JANKOWSKI.CGY,MARK JANKOWSKI (CGY),CGY,F,4,6,7,6,4,6,6,4,8,6,6,3,3,5,7,5,9,,,5.5
MATHIEU.PERREAULT.WPG,MATHIEU PERREAULT (WPG),WPG,F,4,5,5,8,7,6,7,7,4,5,4,8,4,4,4,7,5,,,5.5
MATS.ZUCCARELLO.NYR,MATS ZUCCARELLO (NYR),NYR,F,7,5,5,4,4,4,5,7,5,5,6,3,10,6,5,6,4,,,5.5
MATT.BENNING.EDM,MATT BENNING (EDM),EDM,D,4,5,8,7,7,6,7,3,4,5,6,5,5,3,7,5,6,4,8,5.5
MATT.DUCHENE.TOT,MATT DUCHENE (TOT),TOT,F,6,6,5,5,5,5,5,7,8,4,3,3,5,6,7,4,7,,,5.5
MATT.DUMBA.MIN,MATT DUMBA (MIN),MIN,D,7,7,4,9,10,5,10,7,4,4,3,4,5,4,4,4,6,7,5,5.5
MATTHEW.TKACHUK.CGY,MATTHEW TKACHUK (CGY),CGY,F,6,3,4,7,6,6,6,4,8,4,3,7,5,6,6,2,6,,,5.5
MATTIAS.EKHOLM.NSH,MATTIAS EKHOLM (NSH),NSH,D,8,5,4,4,4,4,5,7,5,5,5,6,7,7,5,8,4,4,6,5.5
MAX.PACIORETTY.MTL,MAX PACIORETTY (MTL),MTL,F,8,3,7,4,3,9,3,4,5,2,2,6,7,6,5,7,5,,,5.5
MICHAEL.FROLIK.CGY,MICHAEL FROLIK (CGY),CGY,F,6,3,4,3,3,8,3,4,7,4,3,7,6,7,5,4,7,,,5.5
MIKAEL.BACKLUND.CGY,MIKAEL BACKLUND (CGY),CGY,F,8,2,3,5,5,7,5,4,5,3,2,7,6,5,6,3,8,,,5.5
MIKAEL.GRANLUND.MIN,MIKAEL GRANLUND (MIN),MIN,F,8,5,4,5,4,6,4,6,6,6,3,7,4,6,6,9,2,,,5.5
MIKE.GREEN.DET,MIKE GREEN (DET),DET,D,7,5,6,6,5,5,6,3,6,6,6,5,7,8,5,7,6,3,4,5.5
MILES.WOOD.NJD,MILES WOOD (NJD),NJD,F,3,5,4,8,7,8,6,4,5,5,5,5,5,9,5,4,6,,,5.5
MITCH.MARNER.TOR,MITCH MARNER (TOR),TOR,F,5,5,7,4,4,6,4,6,6,5,4,6,6,8,6,5,5,,,5.5
NAZEM.KADRI.TOR,NAZEM KADRI (TOR),TOR,F,6,6,2,6,6,7,6,4,6,6,8,2,7,7,6,6,5,,,5.5
NICK.BJUGSTAD.FLA,NICK BJUGSTAD (FLA),FLA,F,5,5,5,7,6,7,5,6,7,4,4,5,5,4,6,7,5,,,5.5
NINO.NIEDERREITER.MIN,NINO NIEDERREITER (MIN),MIN,F,5,8,5,7,7,5,7,3,5,7,7,7,4,9,6,7,2,,,5.5
OLIVER.BJORKSTRAND.CBJ,OLIVER BJORKSTRAND (CBJ),CBJ,F,4,6,5,5,6,5,5,7,6,7,7,4,7,7,5,5,5,,,5.5
OLLI.MAATTA.PIT,OLLI MAATTA (PIT),PIT,D,5,2,6,5,5,8,4,6,5,4,4,5,6,4,4,7,5,6,4,5.5
ONDREJ.PALAT.TBL,ONDREJ PALAT (TBL),TBL,F,6,9,5,3,3,6,3,7,6,7,6,5,6,6,5,7,4,,,5.5
PATRICK.MAROON.EDM,PATRICK MAROON (EDM),EDM,F,6,5,6,6,5,6,6,3,5,5,6,5,6,4,6,4,6,,,5.5
PATRICK.SHARP.CHI,PATRICK SHARP (CHI),CHI,F,4,4,7,6,6,7,5,3,4,4,4,4,6,7,6,7,6,,,5.5
PAUL.BYRON.MTL,PAUL BYRON (MTL),MTL,F,5,5,5,8,7,3,10,4,6,4,4,5,7,4,7,3,5,,,5.5
PAVEL.BUCHNEVICH.NYR,PAVEL BUCHNEVICH (NYR),NYR,F,5,7,7,6,6,6,6,7,5,6,8,3,8,4,4,5,3,,,5.5
PHIL.KESSEL.PIT,PHIL KESSEL (PIT),PIT,F,7,4,8,7,7,7,5,5,5,2,4,3,7,3,10,3,6,,,5.5
PHILLIP.DANAULT.MTL,PHILLIP DANAULT (MTL),MTL,F,6,3,5,4,3,4,4,7,6,3,2,6,7,6,5,6,6,,,5.5
PIERRE-EDOUARD.BELLEMARE.VGK,PIERRE-EDOUARD BELLEMARE (VGK),VGK,F,3,5,4,5,6,5,5,3,9,8,6,8,4,5,6,7,3,,,5.5
PIERRE-LUC.DUBOIS.CBJ,PIERRE-LUC DUBOIS (CBJ),CBJ,F,5,5,9,5,5,4,5,4,7,6,6,8,7,4,6,3,7,,,5.5
RADKO.GUDAS.PHI,RADKO GUDAS (PHI),PHI,D,3,2,6,2,2,8,2,8,4,6,4,8,9,3,4,10,1,4,5,5.5
RICHARD.PANIK.TOT,RICHARD PANIK (TOT),TOT,F,5,5,7,3,2,7,3,6,7,6,7,6,5,8,7,6,4,,,5.5
RICK.NASH.NYR,RICK NASH (NYR),NYR,F,6,4,6,7,6,9,5,4,3,4,5,2,9,6,6,5,5,,,5.5
RICKARD.RAKELL.ANA,RICKARD RAKELL (ANA),ANA,F,8,6,5,7,7,6,7,5,4,2,3,3,6,5,7,7,7,,,5.5
RYAN.DZINGEL.OTT,RYAN DZINGEL (OTT),OTT,F,6,4,6,7,7,4,8,4,6,3,4,3,5,4,7,4,7,,,5.5
RYAN.STROME.EDM,RYAN STROME (EDM),EDM,F,5,5,7,4,4,4,4,7,7,6,4,8,5,3,7,3,4,,,5.5
RYAN.SUTER.MIN,RYAN SUTER (MIN),MIN,D,9,4,4,6,7,4,6,8,5,5,3,4,6,5,5,4,6,8,4,5.5
SAMUEL.GIRARD.NSH,SAMUEL GIRARD (NSH),NSH,D,3,1,6,10,10,4,10,2,3,1,0,7,2,6,7,6,6,5,4,5.5
SAMUEL.GIRARD.TOT,SAMUEL GIRARD (TOT),TOT,D,3,6,8,4,5,3,4,3,5,4,2,6,4,7,6,10,5,6,6,5.5
SHEA.THEODORE.VGK,SHEA THEODORE (VGK),VGK,D,5,5,6,7,6,5,6,4,4,6,5,5,3,7,6,4,6,10,4,5.5
SHEA.WEBER.MTL,SHEA WEBER (MTL),MTL,D,8,1,6,10,9,8,8,6,6,2,2,5,5,1,7,2,5,4,4,5.5
T.J..OSHIE.WSH,T.J. OSHIE (WSH),WSH,F,7,7,5,4,5,3,5,5,4,8,9,6,5,6,6,2,8,,,5.5
TANNER.PEARSON.LAK,TANNER PEARSON (LAK),LAK,F,6,5,6,4,3,7,4,4,5,5,6,5,5,8,4,6,6,,,5.5
THOMAS.CHABOT.OTT,THOMAS CHABOT (OTT),OTT,D,2,4,9,9,9,5,8,4,5,3,3,3,2,6,3,6,6,1,10,5.5
TRAVIS.HAMONIC.CGY,TRAVIS HAMONIC (CGY),CGY,D,5,5,5,3,4,5,3,5,6,7,7,5,6,5,8,7,5,7,5,5.5
TREVOR.VAN RIEMSDYK.CAR,TREVOR VAN RIEMSDYK (CAR),CAR,D,3,6,9,3,3,4,3,5,10,7,5,8,3,5,5,0,10,4,4,5.5
TROY.STECHER.VAN,TROY STECHER (VAN),VAN,D,4,4,6,4,4,6,4,6,6,4,5,6,3,10,6,8,5,5,7,5.5
TYLER.JOHNSON.TBL,TYLER JOHNSON (TBL),TBL,F,6,6,6,7,7,6,7,5,6,5,5,4,6,3,7,4,5,,,5.5
TYLER.PITLICK.DAL,TYLER PITLICK (DAL),DAL,F,4,7,2,7,7,7,7,4,4,8,6,7,4,8,4,5,4,,,5.5
TYLER.TOFFOLI.LAK,TYLER TOFFOLI (LAK),LAK,F,6,7,7,6,4,10,4,4,5,6,9,3,5,8,3,6,5,,,5.5
VALTTERI.FILPPULA.PHI,VALTTERI FILPPULA (PHI),PHI,F,6,5,5,4,6,0,7,4,5,6,6,4,10,4,7,2,7,,,5.5
VICTOR.RASK.CAR,VICTOR RASK (CAR),CAR,F,5,7,9,6,7,5,6,2,6,7,8,4,4,6,6,4,5,,,5.5
VIKTOR.ARVIDSSON.NSH,VIKTOR ARVIDSSON (NSH),NSH,F,7,7,6,7,6,10,5,3,3,7,9,3,6,5,7,6,4,,,5.5
VLADISLAV.NAMESTNIKOV.TBL,VLADISLAV NAMESTNIKOV (TBL),TBL,F,7,8,8,6,5,4,6,4,6,6,6,5,7,5,6,4,5,,,5.5
WAYNE.SIMMONDS.PHI,WAYNE SIMMONDS (PHI),PHI,F,7,4,5,3,3,4,3,3,5,6,6,5,10,6,4,7,4,,,5.5
WILL.BUTCHER.NJD,WILL BUTCHER (NJD),NJD,D,3,5,9,4,4,4,4,6,7,6,6,6,4,6,3,6,8,7,4,5.5
YANNI.GOURDE.TBL,YANNI GOURDE (TBL),TBL,F,5,9,4,8,7,4,8,7,7,7,6,6,6.0,4,4,5,5,,,5.5
ZACH.HYMAN.TOR,ZACH HYMAN (TOR),TOR,F,7,9,5,6,3,5,6,8,2,8,9,4,7.0,4,4,3,5,,,5.5
ADAM.HENRIQUE.ANA,ADAM HENRIQUE (ANA),ANA,F,7,7,4,8,9,3,10,4,7,7,7,6,3,2,6,2,2,,,5
ADAM.HENRIQUE.TOT,ADAM HENRIQUE (TOT),TOT,F,7,6,4,6,6,4,7,4,5,7,8,4,5,5,5,4,2,,,5
ADAM.LARSSON.EDM,ADAM LARSSON (EDM),EDM,D,6,3,4,5,5,4,5,4,4,4,4,5,5,3,6,8,6,6,7,5
ALEC.MARTINEZ.LAK,ALEC MARTINEZ (LAK),LAK,D,7,6,5,7,8,3,8,4,3,6,7,4,4,2,8,5,5,4,4,5
ALEX.GALCHENYUK.MTL,ALEX GALCHENYUK (MTL),MTL,F,5,3,7,4,4,6,4,5,5,4,6,2,7,4,7,7,5,,,5
ALEX.GOLIGOSKI.ARI,ALEX GOLIGOSKI (ARI),ARI,D,7,3,3,6,7,4,7,7,8,3,5,1,4,8,7,6,7,1,3,5
ALEX.KILLORN.TBL,ALEX KILLORN (TBL),TBL,F,5,7,5,3,4,5,3,8,4,5,4,6,5,6,7,7,4,,,5
ALEX.WENNBERG.CBJ,ALEX WENNBERG (CBJ),CBJ,F,7,6,7,3,4,1,4,6,5,6,7,6,6,3,5,3,6,,,5
ANDERS.BJORK.BOS,ANDERS BJORK (BOS),BOS,F,3,6,10,3,5,5,5,5,6,6,6,7,3,3,5,6,6,,,5
ANDERS.LEE.NYI,ANDERS LEE (NYI),NYI,F,6,7,6,10,10,4,10,4,4,1,3,3,7,5,4,3,5,,,5
ANDRE.BURAKOVSKY.WSH,ANDRE BURAKOVSKY (WSH),WSH,F,4,3,7,3,4,6,4,4,6,5,7,7,4,5,7,4,7,,,5
ANDREW.COPP.WPG,ANDREW COPP (WPG),WPG,F,4,7,3,4,4,4,4,4,4,8,6,8,5,7,5,5,2,,,5
ANDREW.LADD.NYI,ANDREW LADD (NYI),NYI,F,6,6,5,6,6,5,7,4,3,6,5,7,6,3,4,6,4,,,5
ANDREW.SHAW.MTL,ANDREW SHAW (MTL),MTL,F,6,4,6,4,4,4,4,4,6,3,3,5,7,7,4,4,6,,,5
ANTHONY.DUCLAIR.TOT,ANTHONY DUCLAIR (TOT),TOT,F,4,5,6,6,6,5,6,5,5,6,7,3,4,8,5,2,8,,,5
ANTON.STRALMAN.TBL,ANTON STRALMAN (TBL),TBL,D,6,8,7,4,5,5,4,4,5,7,6,6,6,3,4,4,6,5,5,5
ARTTURI.LEHKONEN.MTL,ARTTURI LEHKONEN (MTL),MTL,F,6,2,5,3,0,9,2,4,4,4,4,5,5,6,5,5,4,,,5
BEN.HUTTON.VAN,BEN HUTTON (VAN),VAN,D,5,5,5,2,2,5,2,2,2,6,6,7,3,10,4,5,5,7,6,5
BLAKE.COMEAU.COL,BLAKE COMEAU (COL),COL,F,5,5,2,5,6,4,5,5,5,6,5,4,5,5,5,8,5,,,5
BOBBY.RYAN.OTT,BOBBY RYAN (OTT),OTT,F,6,6,5,5,6,5,6,7,5,4,4,2,3,10,4,5,4,,,5
BRANDON.MONTOUR.ANA,BRANDON MONTOUR (ANA),ANA,D,5,9,6,3,3,6,3,5,5,7,9,2,5,9,4,3,8,5,3,5
BRANDON.TANEV.WPG,BRANDON TANEV (WPG),WPG,F,4,7,3,3,3,5,3,4,4,9,7,9,5,7,3,5,5,,,5
BRENDAN.PERLINI.ARI,BRENDAN PERLINI (ARI),ARI,F,5,5,4,7,7,6,7,4,4,4,5,3,3,6,6,5,6,,,5
BRENDAN.SMITH.NYR,BRENDAN SMITH (NYR),NYR,D,3,7,5,4,1,5,3,5,4,5,8,3,7,4,6,9,4,4,8,5
BRENDEN.DILLON.SJS,BRENDEN DILLON (SJS),SJS,D,4,3,8,3,4,5,3,6,8,3,4,7,5,7,3,3,5,7,6,5
BRENT.SEABROOK.CHI,BRENT SEABROOK (CHI),CHI,D,5,7,7,5,4,5,5,4,5,6,8,3,7,3,2,7,4,6,3,5
BRETT.KULAK.CGY,BRETT KULAK (CGY),CGY,D,1,6,5,2,3,5,2,5,3,6,6,4,3,9,4,4,8,10,6,5
BRETT.PESCE.CAR,BRETT PESCE (CAR),CAR,D,6,2,5,3,4,4,4,6,6,3,2,8,4,6,7,1,7,7,6,5
BRIAN.DUMOULIN.PIT,BRIAN DUMOULIN (PIT),PIT,D,5,1,6,5,6,4,6,4,6,3,2,7,7,3,6,5,4,5,3,5
BRIAN.GIBBONS.NJD,BRIAN GIBBONS (NJD),NJD,F,4,9,3,7,8,3,8,9,5,7,6,5,5,3,3,3,8,,,5
CALLE.JARNKROK.NSH,CALLE JARNKROK (NSH),NSH,F,5,9,3,6,7,4,7,5,4,9,9,5,6,2,6,1,7,,,5
CALVIN.DE HAAN.NYI,CALVIN DE HAAN (NYI),NYI,D,4,7,4,4,5,5,4,9,7,4,5,5,5,6,5,8,6,4,3,5
CARL.GUNNARSSON.STL,CARL GUNNARSSON (STL),STL,D,2,9,3,8,10,2,10,3,5,10,7,5,5,1,8,6,2,5,6,5
CARL.HAGELIN.PIT,CARL HAGELIN (PIT),PIT,F,5,4,4,3,3,6,3,5,4,6,4,9,6,4,5,4,3,,,5
CHAD.RUHWEDEL.PIT,CHAD RUHWEDEL (PIT),PIT,D,3,2,6,4,4,6,4,4,6,5,5,6,4,4,5,5,3,5,6,5
CHARLES.HUDON.MTL,CHARLES HUDON (MTL),MTL,F,4,4,6,4,2,8,3,4,5,3,1,6,6,8,6,5,5,,,5
CHRIS.KUNITZ.TBL,CHRIS KUNITZ (TBL),TBL,F,3,6,5,5,7,3,6,5,4,8,6,6,5,6,3,6,5,,,5
CHRIS.TANEV.VAN,CHRIS TANEV (VAN),VAN,D,5,8,3,6,7,0,8,3,6,4,3,7,3,4,5,9,3,7,7,5
CHRIS.TIERNEY.SJS,CHRIS TIERNEY (SJS),SJS,F,5,5,7,5,5,2,6,2,6,8,8,6,5,5,5,5,3,,,5
CONNOR.CARRICK.TOR,CONNOR CARRICK (TOR),TOR,D,2,8,8,6,6,6,7,5,2,6,6,7,4,3,2,5,3,7,3,5
CONNOR.MURPHY.CHI,CONNOR MURPHY (CHI),CHI,D,2,6,5,4,3,7,3,6,4,7,6,8,5,6,5,5,3,5,7,5
CONOR.SHEARY.PIT,CONOR SHEARY (PIT),PIT,F,5,3,6,6,6,6,6,4,3,3,3,4,7,5,4,6,4,,,5
DAVID.BACKES.BOS,DAVID BACKES (BOS),BOS,F,6,3,5,6,5,8,4,4,5,6,4,8,3,5,0,7,5,,,5
DAVID.SAVARD.CBJ,DAVID SAVARD (CBJ),CBJ,D,5,5,3,5,5,6,5,5,6,4,6,2,7,5,3,8,5,6,5,5
DENIS.MALGIN.FLA,DENIS MALGIN (FLA),FLA,F,4,6,5,10,10,3,10,1,4,5,6,3,3,3,6,7,5,,,5
DEREK.FORBORT.LAK,DEREK FORBORT (LAK),LAK,D,6,5,4,3,4,4,4,6,5,7,7,6,5,3,5,5,6,4,5,5
DEREK.GRANT.ANA,DEREK GRANT (ANA),ANA,F,3,7,5,6,6,3,8,7,5,6,7,2,4,3,6,4,7,,,5
DEREK.RYAN.CAR,DEREK RYAN (CAR),CAR,F,6,1,8,6,5,5,6,5,6,1,0,8,4,5,6,2,4,,,5
DERICK.BRASSARD.OTT,DERICK BRASSARD (OTT),OTT,F,7,4,6,5,5,5,5,5,4,2,3,4,6,4,5,5,5,,,5
DMITRY.KULIKOV.WPG,DMITRY KULIKOV (WPG),WPG,D,3,5,5,5,6,3,6,7,4,6,6,7,4,4,4,2,3,7,7,5
ESA.LINDELL.DAL,ESA LINDELL (DAL),DAL,D,6,7,4,4,4,4,4,4,5,6,5,7,5,5,4,4,4,6,8,5
J.T..MILLER.NYR,J.T. MILLER (NYR),NYR,F,6,7,6,4,4,2,5,6,6,5,8,1,9,5,6,6,6,,,5
JAKE.VIRTANEN.VAN,JAKE VIRTANEN (VAN),VAN,F,2,5,4,4,4,7,4,2,2,6,6,7,4,8,6,7,5,,,5
JAMES.NEAL.VGK,JAMES NEAL (VGK),VGK,F,6,5,6,8,9,8,7,4,3,3,2,5,6,3,4,3,6,,,5
JAN.RUTTA.CHI,JAN RUTTA (CHI),CHI,D,5,3,6,7,8,5,8,7,4,0,2,3,6,4,5,4,3,4,6,5
JARED.MCCANN.FLA,JARED MCCANN (FLA),FLA,F,4,5,6,5,5,7,4,6,6,7,7,4,3,4,5,6,4,,,5
JASON.DEMERS.ARI,JASON DEMERS (ARI),ARI,D,6,2,4,5,5,5,6,5,8,2,2,6,4,3,3,3,7,3,6,5
JESPER.BRATT.NJD,JESPER BRATT (NJD),NJD,F,6,5,6,5,6,3,7,4,6,4,5,4,5,4,7,5,6,,,5
JIMMY.VESEY.NYR,JIMMY VESEY (NYR),NYR,F,4,6,5,7,5,5,7,3,4,3,5,3,8,4,6,6,6,,,5
JOAKIM.NORDSTROM.CAR,JOAKIM NORDSTROM (CAR),CAR,F,2,2,4,2,2,8,2,1,8,5,5,6,3,9,4,6,7,,,5
JOE.PAVELSKI.SJS,JOE PAVELSKI (SJS),SJS,F,7,3,6,4,4,5,4,4,7,3,3,4,5,5,8,3,6,,,5
JOEL.EDMUNDSON.STL,JOEL EDMUNDSON (STL),STL,D,6,4,5,7,6,7,6,4,7,4,4,4,5,5,5,4,6,3,5,5
JOHN.MOORE.NJD,JOHN MOORE (NJD),NJD,D,5,6,6,5,6,5,5,4,4,5,6,5,5,5,5,4,4,7,6,5
JONAS.BRODIN.MIN,JONAS BRODIN (MIN),MIN,D,6,8,4,7,9,2,10,6,3,5,4,4,5,3,7,3,4,6,1,5
JORDAN.STAAL.CAR,JORDAN STAAL (CAR),CAR,F,8,4,4,5,4,4,5,4,4,4,3,6,4,5,4,3,7,,,5
JORDAN.WEAL.PHI,JORDAN WEAL (PHI),PHI,F,4,4,5,3,3,4,4,5,4,6,5,6,10,5,5,5,5,,,5
JOSH.BAILEY.NYI,JOSH BAILEY (NYI),NYI,F,7,7,6,5,6,3,6,7,5,3,6,2,7,2,3,5,6,,,5
JOSH.MORRISSEY.WPG,JOSH MORRISSEY (WPG),WPG,D,5,5,5,7,8,4,8,5,5,4,3,4,6,3,3,0,6,6,6,5
JUSTIN.ABDELKADER.DET,JUSTIN ABDELKADER (DET),DET,F,6,5,6,5,5,4,7,4,4,4,5,6,5,5,5,4,6,,,5
JUSTIN.BRAUN.SJS,JUSTIN BRAUN (SJS),SJS,D,6,5,2,3,4,5,3,10,5,5,6,3,5,6,3,5,6,5,8,5
JUSTIN.SCHULTZ.PIT,JUSTIN SCHULTZ (PIT),PIT,D,4,6,5,5,6,5,5,6,8,5,5,4,5,3,8,4,3,8,4,5
KEVAN.MILLER.BOS,KEVAN MILLER (BOS),BOS,D,4,5,7,3,5,3,4,5,4,7,5,9,4,8,7,5,4,4,4,5
KEVIN.SHATTENKIRK.NYR,KEVIN SHATTENKIRK (NYR),NYR,D,5,3,9,3,4,4,4,5,4,3,4,4,9,6,5,8,4,4,4,5
KYLE.OKPOSO.BUF,KYLE OKPOSO (BUF),BUF,F,7,4,6,4,4,5,4,5,4,4,3,6,4,7,3,7,7,,,5
LOGAN.COUTURE.SJS,LOGAN COUTURE (SJS),SJS,F,7,4,5,8,8,6,8,4,5,3,3,3,4,5,5,5,2,,,5
LOUI.ERIKSSON.VAN,LOUI ERIKSSON (VAN),VAN,F,6,4,6,6,6,4,5,6,6,4,4,5,3,4,6,4,4,,,5
MACKENZIE.WEEGAR.FLA,MACKENZIE WEEGAR (FLA),FLA,D,2,4,6,4,5,5,4,4,2,8,8,6,2,9,3,9,7,5,6,5
MARCUS.JOHANSSON.NJD,MARCUS JOHANSSON (NJD),NJD,F,5,2,5,5,7,2,7,6,4,1,1,6,4,4,5,7,7,,,5
MATT.DUCHENE.OTT,MATT DUCHENE (OTT),OTT,F,7,5,4,4,4,5,4,6,7,5,5,3,2,4,6,4,7,,,5
MATT.GRZELCYK.BOS,MATT GRZELCYK (BOS),BOS,D,3,9,8,4,4,6,4,5,5,10,8,10,2,6,2,5,6,0,1,5
MATT.IRWIN.NSH,MATT IRWIN (NSH),NSH,D,1,7,5,6,6,8,5,5,2,6,5,6,4,6,4,6,4,6,7,5
MATT.NISKANEN.WSH,MATT NISKANEN (WSH),WSH,D,7,9,4,5,4,8,4,6,5,6,8,5,4,6,4,6,7,1,3,5
MATTIAS.JANMARK.DAL,MATTIAS JANMARK (DAL),DAL,F,6,4,5,6,7,5,6,5,3,4,3,6,5,5,5,4,3,,,5
MICHAEL.GRABNER.NYR,MICHAEL GRABNER (NYR),NYR,F,5,8,3,9,7,6,8,3,3,7,9,1,8,3,5,4,6,,,5
MIKA.ZIBANEJAD.NYR,MIKA ZIBANEJAD (NYR),NYR,F,7,2,6,6,6,6,5,3,7,2,3,4,8,3,7,5,4,,,5
MIKE.HOFFMAN.OTT,MIKE HOFFMAN (OTT),OTT,F,7,4,6,5,6,7,4,4,5,3,5,3,6,5,7,4,4,,,5
MIKE.MATHESON.FLA,MIKE MATHESON (FLA),FLA,D,6,4,3,5,5,5,5,4,7,3,4,4,5,5,7,5,4,6,7,5
MIKKO.RANTANEN.COL,MIKKO RANTANEN (COL),COL,F,7,7,7,5,7,3,6,6,5,4,3,6,6,2,5,5,6,,,5
MILAN.LUCIC.EDM,MILAN LUCIC (EDM),EDM,F,6,6,6,4,4,5,5,5,5,5,6,5,5,6,4,6,6,,,5
NAIL.YAKUPOV.COL,NAIL YAKUPOV (COL),COL,F,2,9,6,6,7,4,6,4,4,6,4,6,4,3,8,6,4,,,5
NATE.SCHMIDT.VGK,NATE SCHMIDT (VGK),VGK,D,7,6,4,4,5,3,5,5,5,6,5,4,5,7,6,6,5,6,3,5
NICK.JENSEN.DET,NICK JENSEN (DET),DET,D,2,4,5,2,3,3,2,7,7,5,5,7,5,8,5,7,4,6,5,5
NIKITA.ZAITSEV.TOR,NIKITA ZAITSEV (TOR),TOR,D,7,8,4,8,9,5,10,7,2,6,8,2,6,2,3,6,4,5,3,5
NIKLAS.KRONWALL.DET,NIKLAS KRONWALL (DET),DET,D,4,4,9,3,5,1,5,3,7,5,5,7,5,2,6,2,9,5,3,5
NOEL.ACCIARI.BOS,NOEL ACCIARI (BOS),BOS,F,3,3,3,6,7,3,8,3,3,7,5,8,3,3,5,5,8,,,5
OLIVER.EKMAN-LARSSON.ARI,OLIVER EKMAN-LARSSON (ARI),ARI,D,8,1,4,5,4,7,5,4,7,2,2,6,4,5,8,6,4,2,4,5
PATRICK.MARLEAU.TOR,PATRICK MARLEAU (TOR),TOR,F,6,6,3,8,7,6,6,4,4,4,5,4,7,4,4,5,2,,,5
PAUL.STASTNY.STL,PAUL STASTNY (STL),STL,F,7,4,7,5,5,4,5,6,6,5,4,7,5,2,4,1,5,,,5
RADEK.FAKSA.DAL,RADEK FAKSA (DAL),DAL,F,4,9,1,7,8,4,7,5,6,8,7,8,5,5,3,3,3,,,5
REMI.ELIE.DAL,REMI ELIE (DAL),DAL,F,2,5,3,4,4,4,5,6,5,7,5,7,4,5,4,6,7,,,5
RILEY.NASH.BOS,RILEY NASH (BOS),BOS,F,5,6,4,4,3,4,4,7,3,7,6,7,4,6,3,9,5,,,5
RYAN.JOHANSEN.NSH,RYAN JOHANSEN (NSH),NSH,F,7,5,6,3,3,2,4,5,10,6,7,6,7,3,5,3,5,,,5
RYAN.MCDONAGH.NYR,RYAN MCDONAGH (NYR),NYR,D,8,7,3,3,2,3,3,7,5,4,6,3,10,4,8,5,6,4,7,5
RYAN.PULOCK.NYI,RYAN PULOCK (NYI),NYI,D,3,4,5,5,4,8,4,9,4,1,2,4,4,10,4,4,6,5,7,5
SAM.BENNETT.CGY,SAM BENNETT (CGY),CGY,F,4,5,6,5,3,8,4,5,3,5,6,2,5,5,8,6,7,,,5
SAM.REINHART.BUF,SAM REINHART (BUF),BUF,F,5,4,5,3,4,4,4,3,8,5,5,7,4,9,4,5,7,,,5
SAMUEL.GIRARD.COL,SAMUEL GIRARD (COL),COL,D,3,6,8,2,3,3,2,3,6,4,3,5,3,7,6,4,7,6,7,5
SCOTT.LAUGHTON.PHI,SCOTT LAUGHTON (PHI),PHI,F,3,2,4,5,4,5,4,4,5,5,3,9,10,5,5,4,2,,,5
SONNY.MILANO.CBJ,SONNY MILANO (CBJ),CBJ,F,2,4,5,9,10,3,10,4,5,3,3,5,4,3,3,7,5,,,5
STEPHEN.JOHNS.DAL,STEPHEN JOHNS (DAL),DAL,D,4,6,4,7,7,6,6,3,3,7,6,6,4,3,4,7,4,7,4,5
THOMAS.VANEK.VAN,THOMAS VANEK (VAN),VAN,F,4,6,7,7,7,4,7,8,6,4,6,2,4,4,5,5,5,,,5
TIMO.MEIER.SJS,TIMO MEIER (SJS),SJS,F,4,4,6,6,4,9,5,1,3,5,5,5,4,5,5,2,9,,,5
TJ.BRODIE.CGY,TJ BRODIE (CGY),CGY,D,8,5,5,3,4,4,3,2,6,5,6,4,6,5,5,8,7,6,6,5
TOMAS.HERTL.SJS,TOMAS HERTL (SJS),SJS,F,7,2,5,4,1,6,4,6,6,3,3,5,5,5,5,5,4,,,5
TRAVIS.SANHEIM.PHI,TRAVIS SANHEIM (PHI),PHI,D,2,1,7,4,3,7,4,5,5,2,1,8,10,5,5,3,5,5,4,5
TYLER.BOZAK.TOR,TYLER BOZAK (TOR),TOR,F,5,6,7,5,5,4,5,6,5,5,5,6,6,2,6,4,5,,,5
TYLER.ENNIS.MIN,TYLER ENNIS (MIN),MIN,F,3,5,5,5,4,6,4,3,2,6,4,5,4,6,4,7,7,,,5
TYLER.SEGUIN.DAL,TYLER SEGUIN (DAL),DAL,F,8,6,4,6,5,7,5,5,4,4,4,4,6,2,6,2,4,,,5
VINCE.DUNN.STL,VINCE DUNN (STL),STL,D,3,5,7,5,5,7,4,2,4,6,5,7,4,3,9,6,4,5,7,5
VINCENT.TROCHECK.FLA,VINCENT TROCHECK (FLA),FLA,F,9,4,3,4,4,7,3,5,5,2,4,2,5,8,7,7,4,,,5
ZDENO.CHARA.BOS,ZDENO CHARA (BOS),BOS,D,7,7,5,6,5,7,6,5,4,8,7,8,5.0,2,1,5,3,3,5,5
AARON.EKBLAD.FLA,AARON EKBLAD (FLA),FLA,D,7,4,3,8,6,7,6,3,2,3,5,2,5,5,4,3,5,5,7,4.5
ADAM.PELECH.NYI,ADAM PELECH (NYI),NYI,D,4,7,2,3,3,5,3,6,6,5,5,3,6,6,3,5,6,4,4,4.5
ALEX.EDLER.VAN,ALEX EDLER (VAN),VAN,D,7,4,5,3,3,6,3,5,9,5,7,4,3,3,5,5,6,4,1,4.5
ALEX.IAFALLO.LAK,ALEX IAFALLO (LAK),LAK,F,5,6,5,3,3,5,3,4,4,6,6,7,5,6,4,1,5,,,4.5
ALEX.PETROVIC.FLA,ALEX PETROVIC (FLA),FLA,D,2,3,7,2,2,4,2,6,6,4,4,7,4,6,8,2,3,1,8,4.5
ALEX.STEEN.STL,ALEX STEEN (STL),STL,F,7,3,5,3,4,5,3,5,3,4,3,7,3,5,5,3,3,,,4.5
ALEXEI.EMELIN.NSH,ALEXEI EMELIN (NSH),NSH,D,4,8,3,3,5,2,4,6,5,9,10,4,6,6,2,5,5,4,3,4.5
ANDREW.MACDONALD.PHI,ANDREW MACDONALD (PHI),PHI,D,5,7,1,5,6,4,5,2,4,8,8,4,9,3,4,6,5,4,4,4.5
ANTHONY.BEAUVILLIER.NYI,ANTHONY BEAUVILLIER (NYI),NYI,F,4,5,5,8,7,6,8,2,4,1,2,1,5,4,5,5,6,,,4.5
ANTHONY.DUCLAIR.ARI,ANTHONY DUCLAIR (ARI),ARI,F,4,4,5,6,6,5,6,4,3,5,6,2,2,6,4,2,9,,,4.5
ANTOINE.ROUSSEL.DAL,ANTOINE ROUSSEL (DAL),DAL,F,3,6,3,5,3,5,5,7,5,7,5,8,4,7,3,1,3,,,4.5
ARTEM.ANISIMOV.CHI,ARTEM ANISIMOV (CHI),CHI,F,6,5,6,5,4,5,5,3,4,6,8,2,5,3,5,4,6,,,4.5
BEN.LOVEJOY.NJD,BEN LOVEJOY (NJD),NJD,D,3,6,1,4,4,5,4,5,6,9,7,8,2,6,5,6,3,4,1,4.5
BENOIT.POULIOT.BUF,BENOIT POULIOT (BUF),BUF,F,4,2,5,7,8,3,8,4,6,3,3,3,4,1,5,5,3,,,4.5
BLAKE.COLEMAN.NJD,BLAKE COLEMAN (NJD),NJD,F,4,5,2,4,2,7,4,4,2,5,4,7,5,6,3,8,4,,,4.5
BRANDON.DUBINSKY.CBJ,BRANDON DUBINSKY (CBJ),CBJ,F,6,6,2,4,3,3,4,6,7,6,7,3,7,4,5,3,6,,,4.5
BRANDON.SUTTER.VAN,BRANDON SUTTER (VAN),VAN,F,6,6,1,3,4,4,3,2,5,7,7,6,2,6,4,7,5,,,4.5
BRAYDEN.MCNABB.VGK,BRAYDEN MCNABB (VGK),VGK,D,5,6,5,5,5,4,5,4,2,5,4,6,5,3,4,2,3,8,4,4.5
BRAYDON.COBURN.TBL,BRAYDON COBURN (TBL),TBL,D,3,6,2,4,4,5,4,8,4,7,6,5,5,5,2,3,4,4,6,4.5
BRENDAN.LEIPSIC.VGK,BRENDAN LEIPSIC (VGK),VGK,F,3,5,6,3,3,6,3,8,5,5,4,3,3,5,6,4,4,,,4.5
BRETT.CONNOLLY.WSH,BRETT CONNOLLY (WSH),WSH,F,3,8,6,8,9,5,10,3,3,3,6,4,4,5,3,2,6,,,4.5
BRETT.RITCHIE.DAL,BRETT RITCHIE (DAL),DAL,F,2,6,4,4,3,7,3,2,4,8,6,10,3,4,2,5,3,,,4.5
BROCK.NELSON.NYI,BROCK NELSON (NYI),NYI,F,4,5,6,6,6,5,6,2,4,4,5,3,6,5,5,4,5,,,4.5
BRYAN.LITTLE.WPG,BRYAN LITTLE (WPG),WPG,F,6,6,6,5,6,3,6,4,4,6,5,5,6,1,5,2,4,,,4.5
CARL.SODERBERG.COL,CARL SODERBERG (COL),COL,F,6,6,1,3,4,5,3,5,5,8,7,4,5,5,7,5,2,,,4.5
CHANDLER.STEPHENSON.WSH,CHANDLER STEPHENSON (WSH),WSH,F,3,7,3,5,7,0,10,6,6,7,7,4,3,4,7,0,5,,,4.5
CHARLIE.COYLE.MIN,CHARLIE COYLE (MIN),MIN,F,6,5,4,4,5,4,5,6,5,5,4,3,4,5,4,5,5,,,4.5
CHRISTIAN.FISCHER.ARI,CHRISTIAN FISCHER (ARI),ARI,F,5,4,3,4,3,5,3,4,7,4,4,3,3,7,4,6,3,,,4.5
CHRISTIAN.FOLIN.LAK,CHRISTIAN FOLIN (LAK),LAK,D,2,3,6,6,7,3,7,5,5,6,5,6,3,2,5,5,3,5,4,4.5
CLAYTON.KELLER.ARI,CLAYTON KELLER (ARI),ARI,F,7,3,7,5,6,4,6,4,5,2,4,3,4,5,6,2,6,,,4.5
CODY.EAKIN.VGK,CODY EAKIN (VGK),VGK,F,5,4,5,5,5,4,6,3,4,4,4,4,5,5,4,5,5,,,4.5
COLIN.WILSON.COL,COLIN WILSON (COL),COL,F,4,5,4,4,4,2,4,5,6,6,5,5,3,4,8,5,4,,,4.5
COLTON.SCEVIOUR.FLA,COLTON SCEVIOUR (FLA),FLA,F,4,4,4,6,5,7,5,3,4,6,5,4,3,6,4,6,3,,,4.5
CONNOR.BRICKLEY.FLA,CONNOR BRICKLEY (FLA),FLA,F,3,4,5,5,5,5,4,6,6,3,3,3,4,5,3,6,3,,,4.5
CONNOR.BROWN.TOR,CONNOR BROWN (TOR),TOR,F,5,4,5,6,6,4,7,5,7,1,2,4,6,4,2,3,6,,,4.5
COREY.PERRY.ANA,COREY PERRY (ANA),ANA,F,6,6,5,4,5,4,4,8,3,2,3,1,5,6,5,6,3,,,4.5
DALE.WEISE.PHI,DALE WEISE (PHI),PHI,F,2,4,7,5,7,2,6,4,3,6,7,3,8,4,4,4,4,,,4.5
DAN.GIRARDI.TBL,DAN GIRARDI (TBL),TBL,D,3,9,4,6,7,4,7,4,4,8,6,4,6,4,2,4,5,8,2,4.5
DAN.HAMHUIS.DAL,DAN HAMHUIS (DAL),DAL,D,5,4,3,3,4,3,4,4,5,5,2,8,5,4,2,6,5,4,7,4.5
DANIEL.WINNIK.MIN,DANIEL WINNIK (MIN),MIN,F,4,6,4,4,5,3,5,3,5,6,5,3,5,5,4,5,4,,,4.5
DANNY.DEKEYSER.DET,DANNY DEKEYSER (DET),DET,D,5,6,4,5,6,3,6,2,3,7,7,5,5,5,5,3,1,7,7,4.5
DARREN.HELM.DET,DARREN HELM (DET),DET,F,5,4,4,2,4,5,2,6,4,5,5,5,5,7,5,4,4,,,4.5
DAVID.DESHARNAIS.NYR,DAVID DESHARNAIS (NYR),NYR,F,4,5,7,3,5,1,5,7,4,3,5,3,8,3,6,4,4,,,4.5
DEREK.STEPAN.ARI,DEREK STEPAN (ARI),ARI,F,8,4,5,4,4,6,3,4,6,4,5,3,4,4,6,5,4,,,4.5
DERRICK.POULIOT.VAN,DERRICK POULIOT (VAN),VAN,D,4,1,8,4,4,3,4,3,9,2,2,6,3,4,6,4,5,4,4,4.5
DEVANTE.SMITH-PELLY.WSH,DEVANTE SMITH-PELLY (WSH),WSH,F,3,5,4,5,5,7,5,6,4,4,6,1,4,5,4,6,4,,,4.5
DEVIN.SHORE.DAL,DEVIN SHORE (DAL),DAL,F,5,2,4,4,3,4,5,4,5,3,2,5,5,6,6,4,5,,,4.5
DMITRIJ.JASKIN.STL,DMITRIJ JASKIN (STL),STL,F,3,5,2,4,4,6,3,5,3,6,4,8,4,6,3,5,2,,,4.5
DREW.STAFFORD.NJD,DREW STAFFORD (NJD),NJD,F,5,1,5,4,3,5,3,2,3,2,2,6,4,5,5,6,6,,,4.5
DUSTIN.BYFUGLIEN.WPG,DUSTIN BYFUGLIEN (WPG),WPG,D,7,5,5,3,2,6,3,2,6,6,5,6,5,4,6,3,4,2,5,4.5
ERIK.HAULA.VGK,ERIK HAULA (VGK),VGK,F,6,5,6,6,6,6,6,4,3,2,2,4,5,4,6,4,3,,,4.5
FRANCOIS.BEAUCHEMIN.ANA,FRANCOIS BEAUCHEMIN (ANA),ANA,D,4,7,7,5,6,4,5,3,4,7,8,1,5,2,3,3,1,7,7,4.5
FRANS.NIELSEN.DET,FRANS NIELSEN (DET),DET,F,5,5,4,5,6,4,5,3,4,5,5,6,6,3,6,5,4,,,4.5
GREG.PATERYN.DAL,GREG PATERYN (DAL),DAL,D,5,5,2,3,4,5,4,3,3,6,3,8,4,4,3,4,5,8,3,4.5
GUSTAV.FORSLING.CHI,GUSTAV FORSLING (CHI),CHI,D,5,4,6,4,3,7,3,3,2,1,4,4,5,4,5,6,5,6,4,4.5
HAYDN.FLEURY.CAR,HAYDN FLEURY (CAR),CAR,D,3,5,8,2,3,5,2,3,4,8,9,4,3,7,4,3,5,5,4,4.5
IAN.COLE.PIT,IAN COLE (PIT),PIT,D,4,2,5,5,5,6,5,4,5,2,3,6,4,3,0,8,3,6,2,4.5
J.T..COMPHER.COL,J.T. COMPHER (COL),COL,F,6,3,4,5,5,6,4,3,3,5,5,5,5,5,5,3,3,,,4.5
JACK.JOHNSON.CBJ,JACK JOHNSON (CBJ),CBJ,D,5,4,3,4,5,3,5,4,5,3,4,3,7,3,7,4,7,6,4,4.5
JAKE.DOTCHIN.TBL,JAKE DOTCHIN (TBL),TBL,D,3,8,5,7,8,4,8,6,5,6,5,6,5,3,2,2,1,5,5,4.5
JAKE.MCCABE.BUF,JAKE MCCABE (BUF),BUF,D,5,3,6,4,6,2,5,5,4,4,3,6,4,3,4,7,5,3,6,4.5
JAMIE.OLEKSIAK.PIT,JAMIE OLEKSIAK (PIT),PIT,D,4,5,3,6,6,5,5,2,4,4,4,5,1,5,8,7,1,8,1,4.5
JAMIE.OLEKSIAK.TOT,JAMIE OLEKSIAK (TOT),TOT,D,3,4,4,6,6,4,6,3,4,4,4,4,3,5,6,10,0,2,2,4.5
JASON.POMINVILLE.BUF,JASON POMINVILLE (BUF),BUF,F,5,3,8,5,6,5,5,3,4,2,3,5,4,3,4,3,4,,,4.5
JEAN-GABRIEL.PAGEAU.OTT,JEAN-GABRIEL PAGEAU (OTT),OTT,F,5,5,3,4,5,4,5,3,5,5,6,1,5,5,5,9,5,,,4.5
JESPER.FAST.NYR,JESPER FAST (NYR),NYR,F,4,6,3,7,7,2,10,5,3,4,5,3,7,3,3,3,6,,,4.5
JIMMY.HAYES.NJD,JIMMY HAYES (NJD),NJD,F,3,8,4,4,5,3,5,6,3,7,7,3,3,5,4,7,4,,,4.5
JOE.MORROW.MTL,JOE MORROW (MTL),MTL,D,3,4,8,7,7,5,6,2,4,8,10,1,3,3,7,1,8,6,3,4.5
JOHNNY.BOYCHUK.NYI,JOHNNY BOYCHUK (NYI),NYI,D,6,5,6,5,4,10,4,3,3,4,4,4,6,6,2,3,2,6,1,4.5
JUSSI.JOKINEN.EDM,JUSSI JOKINEN (EDM),EDM,F,3,0,6,1,0,7,1,1,7,7,3,8,2,7,4,7,3,,,4.5
KARL.ALZNER.MTL,KARL ALZNER (MTL),MTL,D,5,3,4,3,5,3,3,4,3,4,3,6,7,5,2,3,4,6,6,4.5
KEVIN.LABANC.SJS,KEVIN LABANC (SJS),SJS,F,4,3,7,3,4,6,3,5,3,4,4,6,4,4,3,3,5,,,4.5
KEVIN.ROY.ANA,KEVIN ROY (ANA),ANA,F,4,7,4,6,7,3,9,3,4,8,9,3,2,4,1,7,2,,,4.5
LANCE.BOUMA.CHI,LANCE BOUMA (CHI),CHI,F,2,6,4,4,3,3,4,4,2,7,6,5,5,5,4,4,8,,,4.5
MARK.BARBERIO.COL,MARK BARBERIO (COL),COL,D,3,6,2,5,5,6,5,5,2,7,6,5,4,5,2,10,5,4,4,4.5
MARK.LETESTU.EDM,MARK LETESTU (EDM),EDM,F,4,1,4,4,5,3,6,3,6,1,1,4,4,3,5,8,5,,,4.5
MARTIN.FRK.DET,MARTIN FRK (DET),DET,F,2,6,7,5,7,3,7,3,6,4,6,7,4,1,5,1,6,,,4.5
MATT.CALVERT.CBJ,MATT CALVERT (CBJ),CBJ,F,4,4,4,5,4,4,5,4,4,2,3,3,5,4,6,4,6,,,4.5
MATT.NIETO.COL,MATT NIETO (COL),COL,F,4,6,2,6,7,2,8,6,5,5,5,3,4,6,4,4,4,,,4.5
MAX.DOMI.ARI,MAX DOMI (ARI),ARI,F,6,3,6,2,2,5,2,6,9,1,3,1,4,6,4,8,4,,,4.5
MICHAEL.DEL ZOTTO.VAN,MICHAEL DEL ZOTTO (VAN),VAN,D,6,4,5,4,4,4,4,4,7,2,3,3,4,5,4,6,4,6,5,4.5
MIKE.CAMMALLERI.EDM,MIKE CAMMALLERI (EDM),EDM,F,4,2,5,3,4,5,3,6,6,4,2,7,3,3,4,7,5,,,4.5
MIKE.CAMMALLERI.LAK,MIKE CAMMALLERI (LAK),LAK,F,3,7,4,4,3,5,4,7,2,6,7,1,2,6,2,8,6,,,4.5
MIKE.CAMMALLERI.TOT,MIKE CAMMALLERI (TOT),TOT,F,4,4,5,3,4,5,3,6,4,4,4,5,4,4,3,7,6,,,4.5
MIKKEL.BOEDKER.SJS,MIKKEL BOEDKER (SJS),SJS,F,3,5,6,4,4,4,4,5,4,7,7,5,4,6,4,4,5,,,4.5
MIKKO.KOIVU.MIN,MIKKO KOIVU (MIN),MIN,F,7,4,3,3,4,5,3,4,4,6,3,7,5,3,3,3,4,,,4.5
NATHAN.BEAULIEU.BUF,NATHAN BEAULIEU (BUF),BUF,D,3,2,5,4,5,5,4,5,5,2,1,7,3,3,9,6,2,5,2,4.5
NICK.COUSINS.ARI,NICK COUSINS (ARI),ARI,F,3,4,3,5,6,4,5,2,5,5,4,5,3,8,5,6,7,,,4.5
NICK.FOLIGNO.CBJ,NICK FOLIGNO (CBJ),CBJ,F,7,4,5,3,4,3,4,3,4,6,6,6,8,4,3,5,5,,,4.5
NICK.SHORE.LAK,NICK SHORE (LAK),LAK,F,5,3,3,2,2,3,3,5,10,5,4,7,4,3,6,6,4,,,4.5
NICOLAS.DESLAURIERS.MTL,NICOLAS DESLAURIERS (MTL),MTL,F,3,8,5,9,9,6,8,3,2,9,8,5,3,5,1,4,2,,,4.5
NIKITA.ZADOROV.COL,NIKITA ZADOROV (COL),COL,D,5,5,2,6,6,6,7,5,2,5,4,5,4,6,6,5,3,2,5,4.5
NOLAN.PATRICK.PHI,NOLAN PATRICK (PHI),PHI,F,3,7,6,5,6,3,5,3,6,8,9,2,8,3,6,3,4,,,4.5
OSCAR.KLEFBOM.EDM,OSCAR KLEFBOM (EDM),EDM,D,7,2,6,3,2,9,3,4,2,4,4,5,5,2,4,4,6,5,4,4.5
PATRIC.HORNQVIST.PIT,PATRIC HORNQVIST (PIT),PIT,F,6,3,5,5,2,8,4,5,3,4,3,6,6,4,3,2,2,,,4.5
PAUL.CAREY.NYR,PAUL CAREY (NYR),NYR,F,2,5,5,5,6,3,6,6,4,1,2,5,5,4,4,6,5,,,4.5
PAVEL.ZACHA.NJD,PAVEL ZACHA (NJD),NJD,F,4,5,5,3,3,4,3,6,5,5,6,4,4,1,9,4,7,,,4.5
RASMUS.RISTOLAINEN.BUF,RASMUS RISTOLAINEN (BUF),BUF,D,9,4,5,3,4,5,3,3,4,5,6,3,5,5,3,8,4,3,2,4.5
ROBERT.BORTUZZO.STL,ROBERT BORTUZZO (STL),STL,D,2,4,6,3,2,6,3,4,4,6,5,6,4,6,4,6,3,4,7,4.5
RON.HAINSEY.TOR,RON HAINSEY (TOR),TOR,D,7,7,3,4,5,3,6,5,3,6,7,4,6,3,4,5,1,7,5,4.5
RYAN.O'REILLY.BUF,RYAN O'REILLY (BUF),BUF,F,8,4,3,4,5,4,4,5,5,5,4,6,5,3,4,6,4,,,4.5
SAMI.VATANEN.NJD,SAMI VATANEN (NJD),NJD,D,6,1,7,2,3,5,2,5,2,1,2,9,3,4,5,3,5,4,8,4.5
SAMI.VATANEN.TOT,SAMI VATANEN (TOT),TOT,D,6,4,5,4,4,4,4,4,4,1,3,6,3,4,5,9,3,4,7,4.5
SCOTT.HARTNELL.NSH,SCOTT HARTNELL (NSH),NSH,F,3,5,5,6,6,4,6,5,3,6,6,5,5,4,3,5,4,,,4.5
SCOTTIE.UPSHALL.STL,SCOTTIE UPSHALL (STL),STL,F,2,4,1,6,6,4,7,6,6,4,3,4,4,6,3,7,6,,,4.5
SEAN.KURALY.BOS,SEAN KURALY (BOS),BOS,F,3,4,2,3,2,7,3,3,3,7,6,6,4,5,6,8,5,,,4.5
STEFAN.NOESEN.NJD,STEFAN NOESEN (NJD),NJD,F,3,6,4,3,2,4,3,6,3,7,7,8,4,5,3,4,4,,,4.5
SVEN.ANDRIGHETTO.COL,SVEN ANDRIGHETTO (COL),COL,F,5,3,6,4,3,8,3,5,4,0,1,5,4,5,7,4,5,,,4.5
SVEN.BAERTSCHI.VAN,SVEN BAERTSCHI (VAN),VAN,F,5,7,6,3,5,2,5,8,3,5,5,4,3,5,3,3,5,,,4.5
THOMAS.HICKEY.NYI,THOMAS HICKEY (NYI),NYI,D,4,8,4,5,4,5,5,4,6,6,8,3,5,6,6,4,4,2,1,4.5
TIM.SCHALLER.BOS,TIM SCHALLER (BOS),BOS,F,4,4,3,3,2,5,3,3,4,7,6,8,4,5,4,6,2,,,4.5
TOM.WILSON.WSH,TOM WILSON (WSH),WSH,F,5,7,7,4,4,5,5,7,4,4,5,6,4,5,1,5,4,,,4.5
TOMAS.NOSEK.VGK,TOMAS NOSEK (VGK),VGK,F,2,4,5,3,2,5,3,6,5,5,5,4,4,4,7,8,5,,,4.5
TOMAS.PLEKANEC.MTL,TOMAS PLEKANEC (MTL),MTL,F,6,4,3,3,3,5,3,6,5,6,5,3,7,3,4,4,4,,,4.5
TOMAS.TATAR.DET,TOMAS TATAR (DET),DET,F,6,5,5,3,4,4,3,4,5,4,5,6,7,3,4,4,6,,,4.5
TREVOR.LEWIS.LAK,TREVOR LEWIS (LAK),LAK,F,5,5,3,6,6,6,5,5,2,6,6,6,5,5,4,3,3,,,4.5
TYLER.MYERS.WPG,TYLER MYERS (WPG),WPG,D,6,6,5,3,3,5,3,4,4,7,7,6,6,4,6,5,5,1,4,4.5
VICTOR.METE.MTL,VICTOR METE (MTL),MTL,D,2,5,7,2,3,3,2,5,4,4,3,5,4,6,6,9,4,4,2,4.5
VLADIMIR.SOBOTKA.STL,VLADIMIR SOBOTKA (STL),STL,F,6,4,5,5,6,4,5,5,5,6,5,5,5,4,4,2,4,,,4.5
XAVIER.OUELLET.DET,XAVIER OUELLET (DET),DET,D,1,5,4,2,2,5,2,5,5,4,5,6,4.0,5,6,4,3,6,8,4.5
ZACK.KASSIAN.EDM,ZACK KASSIAN (EDM),EDM,F,3,4,5,4,4,5,4,3,5,4,4,5,4.0,7,3,3,6,,,4.5
ADAM.HENRIQUE.NJD,ADAM HENRIQUE (NJD),NJD,F,7,4,3,4,3,4,4,4,4,6,8,2,3,6,5,5,2,,,4
ALEX.CHIASSON.WSH,ALEX CHIASSON (WSH),WSH,F,3,6,4,5,6,1,8,3,3,4,4,4,4,5,2,6,5,,,4
ANDY.GREENE.NJD,ANDY GREENE (NJD),NJD,D,6,5,1,6,5,4,6,3,3,4,4,3,6,5,2,4,6,3,4,4
BOONE.JENNER.CBJ,BOONE JENNER (CBJ),CBJ,F,7,4,1,3,2,6,3,3,3,5,6,1,6,6,4,5,5,,,4
BRANDON.CARLO.BOS,BRANDON CARLO (BOS),BOS,D,5,7,7,2,3,2,2,4,2,7,6,6,4,5,3,4,3,5,6,4
BRENDAN.GAUNCE.VAN,BRENDAN GAUNCE (VAN),VAN,F,4,6,0,4,4,5,4,1,4,8,8,5,3,6,5,4,4,,,4
BRIAN.BOYLE.NJD,BRIAN BOYLE (NJD),NJD,F,4,3,4,5,6,5,5,2,3,5,4,5,4,3,1,5,2,,,4
CAL.CLUTTERBUCK.NYI,CAL CLUTTERBUCK (NYI),NYI,F,3,7,0,6,6,6,5,4,3,4,5,1,5,4,3,7,2,,,4
CHRIS.STEWART.MIN,CHRIS STEWART (MIN),MIN,F,2,6,5,6,6,3,6,5,2,4,3,0,4,6,4,8,2,,,4
CHRIS.WAGNER.ANA,CHRIS WAGNER (ANA),ANA,F,4,5,4,3,4,4,4,4,2,7,8,3,5,5,5,5,3,,,4
CHRISTIAN.DVORAK.ARI,CHRISTIAN DVORAK (ARI),ARI,F,6,3,4,4,4,3,5,5,5,2,2,2,4,4,7,5,3,,,4
CODY.CECI.OTT,CODY CECI (OTT),OTT,D,7,5,2,6,6,6,6,3,3,3,4,0,5,5,6,1,5,4,5,4
COLTON.SISSONS.NSH,COLTON SISSONS (NSH),NSH,F,6,5,2,3,4,3,3,4,3,6,6,5,6,2,4,3,4,,,4
CURTIS.LAZAR.CGY,CURTIS LAZAR (CGY),CGY,F,1,2,6,1,0,5,1,5,3,4,3,5,3,6,3,3,7,,,4
DEREK.MACKENZIE.FLA,DEREK MACKENZIE (FLA),FLA,F,3,2,4,2,2,4,2,6,9,3,2,4,3,4,4,7,2,,,4
DION.PHANEUF.OTT,DION PHANEUF (OTT),OTT,D,5,6,4,5,6,4,5,7,4,3,5,0,5,3,4,3,3,4,4,4
DRAKE.CAGGIULA.EDM,DRAKE CAGGIULA (EDM),EDM,F,4,3,6,5,5,5,5,4,7,3,3,2,3,3,4,3,3,,,4
ERIK.GUDBRANSON.VAN,ERIK GUDBRANSON (VAN),VAN,D,4,6,4,4,5,3,5,3,3,7,6,3,3,3,4,4,2,7,6,4
FREDRIK.CLAESSON.OTT,FREDRIK CLAESSON (OTT),OTT,D,2,4,6,4,4,4,4,2,2,6,5,4,4,5,4,3,3,5,8,4
GARNET.HATHAWAY.CGY,GARNET HATHAWAY (CGY),CGY,F,3,7,6,4,3,5,4,8,2,7,7,5,2,2,4,0,4,,,4
JAMIE.OLEKSIAK.DAL,JAMIE OLEKSIAK (DAL),DAL,D,2,2,5,6,6,3,7,5,3,3,5,4,2,5,6,7,0,0,3,4
JANNIK.HANSEN.SJS,JANNIK HANSEN (SJS),SJS,F,3,4,5,1,2,2,1,3,3,6,6,6,3,8,3,6,5,,,4
JOEL.ERIKSSON EK.MIN,JOEL ERIKSSON EK (MIN),MIN,F,4,5,5,2,2,6,2,4,2,8,7,5,4,3,3,3,3,,,4
JOEL.WARD.SJS,JOEL WARD (SJS),SJS,F,3,4,6,3,3,2,4,3,4,7,8,6,4,3,4,3,4,,,4
JOHN.HAYDEN.CHI,JOHN HAYDEN (CHI),CHI,F,2,3,3,3,3,5,3,7,2,4,3,4,4,9,1,7,4,,,4
JOHNNY.ODUYA.OTT,JOHNNY ODUYA (OTT),OTT,D,3,4,5,5,6,3,6,4,2,4,5,5,4,3,7,1,4,2,6,4
JONATHAN.ERICSSON.DET,JONATHAN ERICSSON (DET),DET,D,5,5,2,4,6,2,5,6,4,4,5,6,6,3,2,6,3,3,3,4
JORDAN.MARTINOOK.ARI,JORDAN MARTINOOK (ARI),ARI,F,4,1,1,4,4,5,4,4,4,3,2,6,3,7,3,7,4,,,4
JORI.LEHTERA.PHI,JORI LEHTERA (PHI),PHI,F,2,3,5,1,3,0,1,3,5,5,5,8,6,5,6,6,2,,,4
JUSSI.JOKINEN.LAK,JUSSI JOKINEN (LAK),LAK,F,2,5,5,3,5,3,3,4,3,6,7,4,2,3,0,10,2,,,4
JUSSI.JOKINEN.TOT,JUSSI JOKINEN (TOT),TOT,F,3,3,5,2,3,4,2,3,5,7,6,5,3,5,3,9,3,,,4
KEVIN.CONNAUTON.ARI,KEVIN CONNAUTON (ARI),ARI,D,1,5,3,5,6,6,5,3,4,5,6,2,2,6,6,4,3,5,1,4
KYLE.BRODZIAK.STL,KYLE BRODZIAK (STL),STL,F,3,6,0,5,6,4,5,3,3,6,5,4,4,3,5,6,5,,,4
KYLE.PALMIERI.NJD,KYLE PALMIERI (NJD),NJD,F,6,3,5,3,3,6,3,2,5,3,5,5,4,4,3,5,3,,,4
LOGAN.SHAW.ANA,LOGAN SHAW (ANA),ANA,F,3,5,4,3,2,7,3,5,2,6,7,4,4,6,2,6,4,,,4
LOGAN.SHAW.TOT,LOGAN SHAW (TOT),TOT,F,2,4,4,3,2,7,3,4,2,6,6,5,4,5,2,5,4,,,4
LUCA.SBISA.VGK,LUCA SBISA (VGK),VGK,D,5,7,2,5,6,3,5,7,3,6,7,0,3,4,3,3,4,6,5,4
LUKE.SCHENN.ARI,LUKE SCHENN (ARI),ARI,D,2,3,3,2,3,5,2,3,5,6,6,2,3,2,2,6,5,9,4,4
MADISON.BOWEY.WSH,MADISON BOWEY (WSH),WSH,D,1,6,7,2,1,4,2,4,2,7,9,4,3,4,4,6,6,7,2,4
MARC.STAAL.NYR,MARC STAAL (NYR),NYR,D,4,5,3,2,1,3,2,5,3,5,7,3,8,4,6,2,3,6,3,4
MARCO.SCANDELLA.BUF,MARCO SCANDELLA (BUF),BUF,D,7,3,5,3,3,5,3,5,2,6,5,4,5,2,5,4,4,4,3,4
MARCUS.KRUGER.CAR,MARCUS KRUGER (CAR),CAR,F,2,3,4,2,4,2,3,3,6,7,6,9,3,0,6,3,3,,,4
MARK.PYSYK.FLA,MARK PYSYK (FLA),FLA,D,4,3,3,6,4,5,5,6,4,2,1,5,4,4,3,3,2,4,4,4
MARKUS.GRANLUND.VAN,MARKUS GRANLUND (VAN),VAN,F,6,3,3,4,4,4,4,2,3,5,5,5,4,5,6,2,4,,,4
MATT.CULLEN.MIN,MATT CULLEN (MIN),MIN,F,2,5,5,4,3,4,4,5,4,4,4,2,4,7,3,7,2,,,4
MATT.HENDRICKS.WPG,MATT HENDRICKS (WPG),WPG,F,1,5,3,6,6,4,6,10,3,3,2,6,3,2,2,2,3,,,4
MATT.HUNWICK.PIT,MATT HUNWICK (PIT),PIT,D,4,4,5,4,4,4,4,3,8,3,5,3,4,3,4,5,3,1,5,4
MATT.MARTIN.TOR,MATT MARTIN (TOR),TOR,F,0,5,3,4,4,5,4,7,2,3,3,6,4,4,3,4,4,,,4
MATT.STAJAN.CGY,MATT STAJAN (CGY),CGY,F,2,4,2,3,3,3,3,2,4,9,8,5,3,5,2,4,6,,,4
MICHAEL.STONE.CGY,MICHAEL STONE (CGY),CGY,D,3,5,4,5,5,7,5,3,2,5,5,3,4,6,1,3,4,3,4,4
MIIKKA.SALOMAKI.NSH,MIIKKA SALOMAKI (NSH),NSH,F,2,3,1,3,4,4,4,5,5,3,1,9,3,5,4,6,4,,,4
NATE.THOMPSON.OTT,NATE THOMPSON (OTT),OTT,F,3,4,3,2,5,1,3,4,5,3,2,5,4,4,6,6,6,,,4
NICK.BONINO.NSH,NICK BONINO (NSH),NSH,F,5,5,2,6,7,2,7,3,4,4,5,2,5,3,4,3,3,,,4
NICK.HOLDEN.NYR,NICK HOLDEN (NYR),NYR,D,4,8,2,6,6,3,7,3,3,4,5,3,8,4,5,4,3,5,3,4
NICK.RITCHIE.ANA,NICK RITCHIE (ANA),ANA,F,4,5,6,3,2,6,3,4,3,5,6,3,4,5,3,3,2,,,4
OSCAR.LINDBERG.VGK,OSCAR LINDBERG (VGK),VGK,F,3,4,5,5,6,5,6,1,4,7,5,5,4,3,3,6,2,,,4
PATRIK.BERGLUND.STL,PATRIK BERGLUND (STL),STL,F,5,3,4,5,6,3,5,3,4,5,4,7,2,4,4,1,1,,,4
PATRIK.NEMETH.COL,PATRIK NEMETH (COL),COL,D,4,8,3,7,8,3,8,3,3,5,5,2,3,3,2,4,3,6,3,4
PONTUS.ABERG.NSH,PONTUS ABERG (NSH),NSH,F,2,9,7,3,4,3,4,5,2,8,8,3,3,3,4,4,3,,,4
RILEY.SHEAHAN.DET,RILEY SHEAHAN (DET),DET,F,1,3,1,1,1,6,1,1,8,10,10,4,1,3,9,8,3,,,4
RILEY.SHEAHAN.TOT,RILEY SHEAHAN (TOT),TOT,F,5,4,1,3,4,4,3,6,4,4,5,6,5,2,5,4,3,,,4
ROBERT.HAGG.PHI,ROBERT HAGG (PHI),PHI,D,4,8,3,3,4,4,3,4,2,7,6,3,10,3,4,2,2,7,3,4
SAM.GAGNER.VAN,SAM GAGNER (VAN),VAN,F,5,3,5,3,3,5,3,5,4,2,3,2,4,4,5,2,6,,,4
SAMI.VATANEN.ANA,SAMI VATANEN (ANA),ANA,D,6,7,3,6,6,3,8,2,9,1,6,0,1,6,4,6,3,3,3,4
SCOTT.MAYFIELD.NYI,SCOTT MAYFIELD (NYI),NYI,D,4,5,3,5,5,5,5,6,7,2,3,3,5,4,2,4,4,5,3,4
SCOTT.WILSON.BUF,SCOTT WILSON (BUF),BUF,F,3,6,3,5,6,5,4,8,8,6,6,5,1,0,0,6,3,,,4
STEVEN.SANTINI.NJD,STEVEN SANTINI (NJD),NJD,D,5,7,0,5,6,3,5,7,3,6,6,2,4,4,4,4,4,5,6,4
TAYLOR.LEIER.PHI,TAYLOR LEIER (PHI),PHI,F,2,2,5,2,3,4,2,1,2,5,4,10,7,7,2,4,6,,,4
TOBIAS.RIEDER.ARI,TOBIAS RIEDER (ARI),ARI,F,5,5,4,4,4,4,5,5,2,4,5,2,4,5,2,2,6,,,4
TOMMY.WINGELS.CHI,TOMMY WINGELS (CHI),CHI,F,2,2,3,4,5,3,4,4,4,4,3,4,5,4,4,5,3,,,4
TORREY.MITCHELL.TOT,TORREY MITCHELL (TOT),TOT,F,2,1,3,4,5,2,5,7,3,1,0,6,2,2,5,6,5,,,4
TRAVIS.ZAJAC.NJD,TRAVIS ZAJAC (NJD),NJD,F,6,2,4,5,5,1,7,2,3,3,3,5,4,4,6,1,6,,,4
TREVOR.DALEY.DET,TREVOR DALEY (DET),DET,D,5,4,3,7,7,3,8,3,3,1,2,4,6,4,3,3,4,2,3,4
TROY.BROUWER.CGY,TROY BROUWER (CGY),CGY,F,4,4,2,3,5,3,4,5,4,6,6,3,4,3,3,4,5,,,4
TYSON.JOST.COL,TYSON JOST (COL),COL,F,4,4,4,3,4,5,3,4,4,6,4,4,3,2,6,5,5,,,4
ZAC.RINALDO.ARI,ZAC RINALDO (ARI),ARI,F,2,2,3,4,6,5,4,3,2,6,5,6,2.0,5,4,5,3,,,4
ZACK.SMITH.OTT,ZACK SMITH (OTT),OTT,F,6,0,5,4,4,6,3,3,3,0,1,0,4.0,4,4,6,6,,,4
ALEX.BURROWS.OTT,ALEX BURROWS (OTT),OTT,F,2,4,5,2,3,4,2,3,3,7,6,5,4,5,1,6,2,,,3.5
ANTOINE.VERMETTE.ANA,ANTOINE VERMETTE (ANA),ANA,F,5,6,3,4,4,4,4,3,4,7,7,2,5,2,2,3,3,,,3.5
ANTON.LINDHOLM.COL,ANTON LINDHOLM (COL),COL,D,1,8,2,2,4,3,2,2,3,8,9,4,3,6,8,4,7,3,1,3.5
AUSTIN.WATSON.NSH,AUSTIN WATSON (NSH),NSH,F,3,3,1,4,5,4,5,1,2,5,5,5,5,4,2,7,2,,,3.5
CASEY.CIZIKAS.NYI,CASEY CIZIKAS (NYI),NYI,F,4,4,0,4,3,3,4,2,5,3,3,4,5,5,3,5,5,,,3.5
DOMINIC.MOORE.TOR,DOMINIC MOORE (TOR),TOR,F,2,6,2,6,6,4,6,3,3,5,5,6,3,3,1,4,2,,,3.5
JAMIE.MCGINN.FLA,JAMIE MCGINN (FLA),FLA,F,4,4,5,5,5,3,5,5,3,2,4,4,4,2,2,5,3,,,3.5
JASON.CHIMERA.NYI,JASON CHIMERA (NYI),NYI,F,2,4,2,2,3,4,2,4,5,3,5,0,6,5,4,6,4,,,3.5
JAY.BEAGLE.WSH,JAY BEAGLE (WSH),WSH,F,3,6,0,3,2,3,3,4,2,5,6,2,4,3,7,6,4,,,3.5
JOHAN.LARSSON.BUF,JOHAN LARSSON (BUF),BUF,F,4,1,1,2,4,2,2,2,6,3,2,6,4,3,4,7,3,,,3.5
JORDAN.NOLAN.BUF,JORDAN NOLAN (BUF),BUF,F,1,4,3,3,5,2,4,3,2,6,4,6,3,6,4,5,4,,,3.5
KEVIN.BIEKSA.ANA,KEVIN BIEKSA (ANA),ANA,D,4,3,4,2,3,4,2,2,3,5,7,2,4,5,4,3,4,5,4,3.5
LEO.KOMAROV.TOR,LEO KOMAROV (TOR),TOR,F,6,5,2,2,2,3,2,3,5,6,7,1,6,4,4,3,2,,,3.5
LUKAS.SEDLAK.CBJ,LUKAS SEDLAK (CBJ),CBJ,F,2,4,3,3,3,4,4,1,5,5,3,7,4,3,5,0,4,,,3.5
LUKE.GLENDENING.DET,LUKE GLENDENING (DET),DET,F,4,3,2,5,5,3,5,4,3,5,3,7,4,4,1,0,2,,,3.5
MAGNUS.PAAJARVI.STL,MAGNUS PAAJARVI (STL),STL,F,2,4,1,3,2,4,3,2,3,9,8,3,4,7,3,2,4,,,3.5
MAGNUS.PAAJARVI.TOT,MAGNUS PAAJARVI (TOT),TOT,F,2,4,1,3,2,4,3,2,3,9,8,4,4,7,3,2,4,,,3.5
MARCUS.FOLIGNO.MIN,MARCUS FOLIGNO (MIN),MIN,F,2,5,5,3,4,2,3,5,1,5,3,7,4,3,2,6,4,,,3.5
MARTIN.HANZAL.DAL,MARTIN HANZAL (DAL),DAL,F,4,2,1,3,3,5,3,3,3,3,3,7,3,4,3,3,1,,,3.5
MELKER.KARLSSON.SJS,MELKER KARLSSON (SJS),SJS,F,4,4,3,5,5,3,7,4,3,4,5,2,4,4,3,5,0,,,3.5
NIC.DOWD.LAK,NIC DOWD (LAK),LAK,F,0,1,8,1,3,2,1,5,4,7,6,8,2,4,2,4,4,,,3.5
NIC.DOWD.TOT,NIC DOWD (TOT),TOT,F,2,2,1,2,4,2,3,3,5,7,6,6,8,0,4,3,3,,,3.5
NIKLAS.HJALMARSSON.ARI,NIKLAS HJALMARSSON (ARI),ARI,D,6,2,3,2,3,2,2,5,3,5,4,5,3,2,0,7,2,9,2,3.5
OSKAR.SUNDQVIST.STL,OSKAR SUNDQVIST (STL),STL,F,2,3,2,1,1,4,1,6,4,7,5,6,3,3,4,0,6,,,3.5
RADIM.VRBATA.FLA,RADIM VRBATA (FLA),FLA,F,4,4,3,4,4,6,4,6,3,1,4,0,4,3,4,7,3,,,3.5
RILEY.SHEAHAN.PIT,RILEY SHEAHAN (PIT),PIT,F,5,3,1,3,4,3,4,6,4,4,4,6,4,2,4,3,3,,,3.5
ROMAN.POLAK.TOR,ROMAN POLAK (TOR),TOR,D,3,4,3,6,7,5,7,5,1,3,3,2,3,3,2,2,2,6,4,3.5
RYAN.CALLAHAN.TBL,RYAN CALLAHAN (TBL),TBL,F,3,3,5,1,1,6,1,2,4,4,3,5,4,5,6,4,2,,,3.5
SCOTT.WILSON.TOT,SCOTT WILSON (TOT),TOT,F,1,4,4,3,4,4,3,5,5,5,5,5,3,2,0,8,0,,,3.5
TOBIAS.ENSTROM.WPG,TOBIAS ENSTROM (WPG),WPG,D,3,4,5,2,4,1,2,3,6,5,3,7,3,1,3,2,3,5,4,3.5
TOM.KUHNHACKL.PIT,TOM KUHNHACKL (PIT),PIT,F,2,4,2,3,3,3,3,3,2,5,4,5,4,5,2,3,5,,,3.5
TOM.PYATT.OTT,TOM PYATT (OTT),OTT,F,4,4,2,4,5,3,5,6,2,3,5,0,5,6,2,6,4,,,3.5
TORREY.MITCHELL.LAK,TORREY MITCHELL (LAK),LAK,F,2,0,2,5,5,2,6,9,7,0,0,4,1,0,0,5,10,,,3.5
TORREY.MITCHELL.MTL,TORREY MITCHELL (MTL),MTL,F,1,4,5,1,3,2,1,1,2,9,8,10,2,3,6,6,3,,,3.5
ZEMGUS.GIRGENSONS.BUF,ZEMGUS GIRGENSONS (BUF),BUF,F,3,4,5,4,4,4,4,2,3,5,5,7,4.0,3,4,2,2,,,3.5
BRAD.RICHARDSON.ARI,BRAD RICHARDSON (ARI),ARI,F,4,1,1,3,4,4,3,2,3,2,1,4,3,1,8,5,2,,,3
BROOKS.ORPIK.WSH,BROOKS ORPIK (WSH),WSH,D,5,5,4,2,4,1,2,4,2,5,7,2,5,2,1,2,4,7,2,3
CEDRIC.PAQUETTE.TBL,CEDRIC PAQUETTE (TBL),TBL,F,1,4,4,2,3,6,2,1,3,6,5,5,4,0,2,3,2,,,3
MICHEAL.HALEY.FLA,MICHEAL HALEY (FLA),FLA,F,0,3,6,3,4,3,4,4,2,2,2,4,3,1,1,4,3,,,3
NIC.DOWD.VAN,NIC DOWD (VAN),VAN,F,4,3,0,3,4,1,4,1,6,7,7,4,3,2,6,3,2,,,3
RYAN.REAVES.PIT,RYAN REAVES (PIT),PIT,F,0,2,4,3,4,3,4,4,4,2,1,6,4,4,3,3,0,,,3
LOGAN.SHAW.MTL,LOGAN SHAW (MTL),MTL,F,1,3,6,1,3,4,1,1,0,5,1,9,1,0,0,0,10,,,2.5
SCOTT.WILSON.DET,SCOTT WILSON (DET),DET,F,0,4,4,1,2,3,1,1,6,5,4,5,2,4,0,6,0,,,2.5
SCOTT.WILSON.PIT,SCOTT WILSON (PIT),PIT,F,2,0,4,1,0,3,1,1,2,0,3,2,2,0,3,10,0,,,2